-- MariaDB dump 10.19  Distrib 10.4.18-MariaDB, for Win64 (AMD64)
--
-- Host: localhost    Database: onlinenewspaper1707
-- ------------------------------------------------------
-- Server version	10.4.18-MariaDB

/*!40101 SET @OLD_CHARACTER_SET_CLIENT=@@CHARACTER_SET_CLIENT */;
/*!40101 SET @OLD_CHARACTER_SET_RESULTS=@@CHARACTER_SET_RESULTS */;
/*!40101 SET @OLD_COLLATION_CONNECTION=@@COLLATION_CONNECTION */;
/*!40101 SET NAMES utf8 */;
/*!40103 SET @OLD_TIME_ZONE=@@TIME_ZONE */;
/*!40103 SET TIME_ZONE='+00:00' */;
/*!40014 SET @OLD_UNIQUE_CHECKS=@@UNIQUE_CHECKS, UNIQUE_CHECKS=0 */;
/*!40014 SET @OLD_FOREIGN_KEY_CHECKS=@@FOREIGN_KEY_CHECKS, FOREIGN_KEY_CHECKS=0 */;
/*!40101 SET @OLD_SQL_MODE=@@SQL_MODE, SQL_MODE='NO_AUTO_VALUE_ON_ZERO' */;
/*!40111 SET @OLD_SQL_NOTES=@@SQL_NOTES, SQL_NOTES=0 */;

--
-- Table structure for table `article_subcategories`
--

DROP TABLE IF EXISTS `article_subcategories`;
/*!40101 SET @saved_cs_client     = @@character_set_client */;
/*!40101 SET character_set_client = utf8 */;
CREATE TABLE `article_subcategories` (
  `id` int(10) unsigned NOT NULL AUTO_INCREMENT,
  `article_id` int(10) unsigned NOT NULL,
  `subcategory_id` int(10) unsigned NOT NULL,
  PRIMARY KEY (`id`),
  UNIQUE KEY `unique_article_id` (`article_id`) USING BTREE,
  KEY `fk_article_id_2` (`article_id`),
  KEY `fk_subcategory_id` (`subcategory_id`),
  CONSTRAINT `fk_article_id_2` FOREIGN KEY (`article_id`) REFERENCES `articles` (`article_id`) ON DELETE CASCADE ON UPDATE CASCADE,
  CONSTRAINT `fk_subcategory_id` FOREIGN KEY (`subcategory_id`) REFERENCES `subcategories` (`subcategory_id`) ON DELETE CASCADE ON UPDATE CASCADE
) ENGINE=InnoDB AUTO_INCREMENT=1008 DEFAULT CHARSET=utf8;
/*!40101 SET character_set_client = @saved_cs_client */;

--
-- Dumping data for table `article_subcategories`
--

LOCK TABLES `article_subcategories` WRITE;
/*!40000 ALTER TABLE `article_subcategories` DISABLE KEYS */;
INSERT INTO `article_subcategories` VALUES (1,1,2),(2,2,3),(3,3,4),(4,4,5),(5,5,6),(6,6,7),(7,7,8),(8,8,9),(9,9,10),(10,10,11),(11,11,12),(12,12,13),(13,13,14),(14,14,15),(15,15,1),(16,16,2),(17,17,3),(18,18,4),(19,19,5),(20,20,6),(21,21,7),(22,22,8),(23,23,9),(24,24,10),(25,25,11),(26,26,12),(27,27,13),(28,28,14),(29,29,15),(30,30,1),(31,31,2),(32,32,3),(33,33,4),(34,34,5),(35,35,6),(36,36,7),(37,37,8),(38,38,9),(39,39,10),(40,40,11),(41,41,12),(42,42,13),(43,43,14),(44,44,15),(45,45,1),(46,46,2),(47,47,3),(48,48,4),(49,49,5),(50,50,6),(51,51,7),(52,52,8),(53,53,9),(54,54,10),(55,55,11),(56,56,12),(57,57,13),(58,58,14),(59,59,15),(60,60,1),(61,61,2),(62,62,3),(63,63,4),(64,64,5),(65,65,6),(66,66,7),(67,67,8),(68,68,9),(69,69,10),(70,70,11),(71,71,12),(72,72,13),(73,73,14),(74,74,15),(75,75,1),(76,76,2),(77,77,3),(78,78,4),(79,79,5),(80,80,6),(81,81,7),(82,82,8),(83,83,9),(84,84,10),(85,85,11),(86,86,12),(87,87,13),(88,88,14),(89,89,15),(90,90,1),(91,91,2),(92,92,3),(93,93,4),(94,94,5),(95,95,6),(96,96,7),(97,97,8),(98,98,9),(99,99,10),(100,100,11),(101,101,12),(102,102,13),(103,103,14),(104,104,15),(105,105,1),(106,106,2),(107,107,3),(108,108,4),(109,109,5),(110,110,6),(111,111,7),(112,112,8),(113,113,9),(114,114,10),(115,115,11),(116,116,12),(117,117,13),(118,118,14),(119,119,15),(120,120,1),(121,121,2),(122,122,3),(123,123,4),(124,124,5),(125,125,6),(126,126,7),(127,127,8),(128,128,9),(129,129,10),(130,130,11),(131,131,12),(132,132,13),(133,133,14),(134,134,15),(135,135,1),(136,136,2),(137,137,3),(138,138,4),(139,139,5),(140,140,6),(141,141,7),(142,142,8),(143,143,9),(144,144,10),(145,145,11),(146,146,12),(147,147,13),(148,148,14),(149,149,15),(150,150,1),(151,151,2),(152,152,3),(153,153,4),(154,154,5),(155,155,6),(156,156,7),(157,157,8),(158,158,9),(159,159,10),(160,160,11),(161,161,12),(162,162,13),(163,163,14),(164,164,15),(165,165,1),(166,166,2),(167,167,3),(168,168,4),(169,169,5),(170,170,6),(171,171,7),(172,172,8),(173,173,9),(174,174,10),(175,175,11),(176,176,12),(177,177,13),(178,178,14),(179,179,15),(180,180,1),(181,181,2),(182,182,3),(183,183,4),(184,184,5),(185,185,6),(186,186,7),(187,187,8),(188,188,9),(189,189,10),(190,190,11),(191,191,12),(192,192,13),(193,193,14),(194,194,15),(195,195,1),(196,196,2),(197,197,3),(198,198,4),(199,199,5),(200,200,6),(201,201,7),(202,202,8),(203,203,9),(204,204,10),(205,205,11),(206,206,12),(207,207,13),(208,208,14),(209,209,15),(210,210,1),(211,211,2),(212,212,3),(213,213,4),(214,214,5),(215,215,6),(216,216,7),(217,217,8),(218,218,9),(219,219,10),(220,220,11),(221,221,12),(222,222,13),(223,223,14),(224,224,15),(225,225,1),(226,226,2),(227,227,3),(228,228,4),(229,229,5),(230,230,6),(231,231,7),(232,232,8),(233,233,9),(234,234,10),(235,235,11),(236,236,12),(237,237,13),(238,238,14),(239,239,15),(240,240,1),(241,241,2),(242,242,3),(243,243,4),(244,244,5),(245,245,6),(246,246,7),(247,247,8),(248,248,9),(249,249,10),(250,250,11),(251,251,12),(252,252,13),(253,253,14),(254,254,15),(255,255,1),(256,256,2),(257,257,3),(258,258,4),(259,259,5),(260,260,6),(261,261,7),(262,262,8),(263,263,9),(264,264,10),(265,265,11),(266,266,12),(267,267,13),(268,268,14),(269,269,15),(270,270,1),(271,271,2),(272,272,3),(273,273,4),(274,274,5),(275,275,6),(276,276,7),(277,277,8),(278,278,9),(279,279,10),(280,280,11),(281,281,12),(282,282,13),(283,283,14),(284,284,15),(285,285,1),(286,286,2),(287,287,3),(288,288,4),(289,289,5),(290,290,6),(291,291,7),(292,292,8),(293,293,9),(294,294,10),(295,295,11),(296,296,12),(297,297,13),(298,298,14),(299,299,15),(300,300,1),(301,301,2),(302,302,3),(303,303,4),(304,304,5),(305,305,6),(306,306,7),(307,307,8),(308,308,9),(309,309,10),(310,310,11),(311,311,12),(312,312,13),(313,313,14),(314,314,15),(315,315,1),(316,316,2),(317,317,3),(318,318,4),(319,319,5),(320,320,6),(321,321,7),(322,322,8),(323,323,9),(324,324,10),(325,325,11),(326,326,12),(327,327,13),(328,328,14),(329,329,15),(330,330,1),(331,331,2),(332,332,3),(333,333,4),(334,334,5),(335,335,6),(336,336,7),(337,337,8),(338,338,9),(339,339,10),(340,340,11),(341,341,12),(342,342,13),(343,343,14),(344,344,15),(345,345,1),(346,346,2),(347,347,3),(348,348,4),(349,349,5),(350,350,6),(351,351,7),(352,352,8),(353,353,9),(354,354,10),(355,355,11),(356,356,12),(357,357,13),(358,358,14),(359,359,15),(360,360,1),(361,361,2),(362,362,3),(363,363,4),(364,364,5),(365,365,6),(366,366,7),(367,367,8),(368,368,9),(369,369,10),(370,370,11),(371,371,12),(372,372,13),(373,373,14),(374,374,15),(375,375,1),(376,376,2),(377,377,3),(378,378,4),(379,379,5),(380,380,6),(381,381,7),(382,382,8),(383,383,9),(384,384,10),(385,385,11),(386,386,12),(387,387,13),(388,388,14),(389,389,15),(390,390,1),(391,391,2),(392,392,3),(393,393,4),(394,394,5),(395,395,6),(396,396,7),(397,397,8),(398,398,9),(399,399,10),(400,400,11),(401,401,12),(402,402,13),(403,403,14),(404,404,15),(405,405,1),(406,406,2),(407,407,3),(408,408,4),(409,409,5),(410,410,6),(411,411,7),(412,412,8),(413,413,9),(414,414,10),(415,415,11),(416,416,12),(417,417,13),(418,418,14),(419,419,15),(420,420,1),(421,421,2),(422,422,3),(423,423,4),(424,424,5),(425,425,6),(426,426,7),(427,427,8),(428,428,9),(429,429,10),(430,430,11),(431,431,12),(432,432,13),(433,433,14),(434,434,15),(435,435,1),(436,436,2),(437,437,3),(438,438,4),(439,439,5),(440,440,6),(441,441,7),(442,442,8),(443,443,9),(444,444,10),(445,445,11),(446,446,12),(447,447,13),(448,448,14),(449,449,15),(450,450,1),(451,451,2),(452,452,3),(453,453,4),(454,454,5),(455,455,6),(456,456,7),(457,457,8),(458,458,9),(459,459,10),(460,460,11),(461,461,12),(462,462,13),(463,463,14),(464,464,15),(465,465,1),(466,466,2),(467,467,3),(468,468,4),(469,469,5),(470,470,6),(471,471,7),(472,472,8),(473,473,9),(474,474,10),(475,475,11),(476,476,12),(477,477,13),(478,478,14),(479,479,15),(480,480,1),(481,481,2),(482,482,3),(483,483,4),(484,484,5),(485,485,6),(486,486,7),(487,487,8),(488,488,9),(489,489,10),(490,490,11),(491,491,12),(492,492,13),(493,493,14),(494,494,15),(495,495,1),(496,496,2),(497,497,3),(498,498,4),(499,499,5),(500,500,6),(501,501,7),(502,502,8),(503,503,9),(504,504,10),(505,505,11),(506,506,12),(507,507,13),(508,508,14),(509,509,15),(510,510,1),(511,511,2),(512,512,3),(513,513,4),(514,514,5),(515,515,6),(516,516,7),(517,517,8),(518,518,9),(519,519,10),(520,520,11),(521,521,12),(522,522,13),(523,523,14),(524,524,15),(525,525,1),(526,526,2),(527,527,3),(528,528,4),(529,529,5),(530,530,6),(531,531,7),(532,532,8),(533,533,9),(534,534,10),(535,535,11),(536,536,12),(537,537,13),(538,538,14),(539,539,15),(540,540,1),(541,541,2),(542,542,3),(543,543,4),(544,544,5),(545,545,6),(546,546,7),(547,547,8),(548,548,9),(549,549,10),(550,550,11),(551,551,12),(552,552,13),(553,553,14),(554,554,15),(555,555,1),(556,556,2),(557,557,3),(558,558,4),(559,559,5),(560,560,6),(561,561,7),(562,562,8),(563,563,9),(564,564,10),(565,565,11),(566,566,12),(567,567,13),(568,568,14),(569,569,15),(570,570,1),(571,571,2),(572,572,3),(573,573,4),(574,574,5),(575,575,6),(576,576,7),(577,577,8),(578,578,9),(579,579,10),(580,580,11),(581,581,12),(582,582,13),(583,583,14),(584,584,15),(585,585,1),(586,586,2),(587,587,3),(588,588,4),(589,589,5),(590,590,6),(591,591,7),(592,592,8),(593,593,9),(594,594,10),(595,595,11),(596,596,12),(597,597,13),(598,598,14),(599,599,15),(600,600,1),(601,601,2),(602,602,3),(603,603,4),(604,604,5),(605,605,6),(606,606,7),(607,607,8),(608,608,9),(609,609,10),(610,610,11),(611,611,12),(612,612,13),(613,613,14),(614,614,15),(615,615,1),(616,616,2),(617,617,3),(618,618,4),(619,619,5),(620,620,6),(621,621,7),(622,622,8),(623,623,9),(624,624,10),(625,625,11),(626,626,12),(627,627,13),(628,628,14),(629,629,15),(630,630,1),(631,631,2),(632,632,3),(633,633,4),(634,634,5),(635,635,6),(636,636,7),(637,637,8),(638,638,9),(639,639,10),(640,640,11),(641,641,12),(642,642,13),(643,643,14),(644,644,15),(645,645,1),(646,646,2),(647,647,3),(648,648,4),(649,649,5),(650,650,6),(651,651,7),(652,652,8),(653,653,9),(654,654,10),(655,655,11),(656,656,12),(657,657,13),(658,658,14),(659,659,15),(660,660,1),(661,661,2),(662,662,3),(663,663,4),(664,664,5),(665,665,6),(666,666,7),(667,667,8),(668,668,9),(669,669,10),(670,670,11),(671,671,12),(672,672,13),(673,673,14),(674,674,15),(675,675,1),(676,676,2),(677,677,3),(678,678,4),(679,679,5),(680,680,6),(681,681,7),(682,682,8),(683,683,9),(684,684,10),(685,685,11),(686,686,12),(687,687,13),(688,688,14),(689,689,15),(690,690,1),(691,691,2),(692,692,3),(693,693,4),(694,694,5),(695,695,6),(696,696,7),(697,697,8),(698,698,9),(699,699,10),(700,700,11),(701,701,12),(702,702,13),(703,703,14),(704,704,15),(705,705,1),(706,706,2),(707,707,3),(708,708,4),(709,709,5),(710,710,6),(711,711,7),(712,712,8),(713,713,9),(714,714,10),(715,715,11),(716,716,12),(717,717,13),(718,718,14),(719,719,15),(720,720,1),(721,721,2),(722,722,3),(723,723,4),(724,724,5),(725,725,6),(726,726,7),(727,727,8),(728,728,9),(729,729,10),(730,730,11),(731,731,12),(732,732,13),(733,733,14),(734,734,15),(735,735,1),(736,736,2),(737,737,3),(738,738,4),(739,739,5),(740,740,6),(741,741,7),(742,742,8),(743,743,9),(744,744,10),(745,745,11),(746,746,12),(747,747,13),(748,748,14),(749,749,15),(750,750,1),(751,751,2),(752,752,3),(753,753,4),(754,754,5),(755,755,6),(756,756,7),(757,757,8),(758,758,9),(759,759,10),(760,760,11),(761,761,12),(762,762,13),(763,763,14),(764,764,15),(765,765,1),(766,766,2),(767,767,3),(768,768,4),(769,769,5),(770,770,6),(771,771,7),(772,772,8),(773,773,9),(774,774,10),(775,775,11),(776,776,12),(777,777,13),(778,778,14),(779,779,15),(780,780,1),(781,781,2),(782,782,3),(783,783,4),(784,784,5),(785,785,6),(786,786,7),(787,787,8),(788,788,9),(789,789,10),(790,790,11),(791,791,12),(792,792,13),(793,793,14),(794,794,15),(795,795,1),(796,796,2),(797,797,3),(798,798,4),(799,799,5),(800,800,6),(801,801,7),(802,802,8),(803,803,9),(804,804,10),(805,805,11),(806,806,12),(807,807,13),(808,808,14),(809,809,15),(810,810,1),(811,811,2),(812,812,3),(813,813,4),(814,814,5),(815,815,6),(816,816,7),(817,817,8),(818,818,9),(819,819,10),(820,820,11),(821,821,12),(822,822,13),(823,823,14),(824,824,15),(825,825,1),(826,826,2),(827,827,3),(828,828,4),(829,829,5),(830,830,6),(831,831,7),(832,832,8),(833,833,9),(834,834,10),(835,835,11),(836,836,12),(837,837,13),(838,838,14),(839,839,15),(840,840,1),(841,841,2),(842,842,3),(843,843,4),(844,844,5),(845,845,6),(846,846,7),(847,847,8),(848,848,9),(849,849,10),(850,850,11),(851,851,12),(852,852,13),(853,853,14),(854,854,15),(855,855,1),(856,856,2),(857,857,3),(858,858,4),(859,859,5),(860,860,6),(861,861,7),(862,862,8),(863,863,9),(864,864,10),(865,865,11),(866,866,12),(867,867,13),(868,868,14),(869,869,15),(870,870,1),(871,871,2),(872,872,3),(873,873,4),(874,874,5),(875,875,6),(876,876,7),(877,877,8),(878,878,9),(879,879,10),(880,880,11),(881,881,12),(882,882,13),(883,883,14),(884,884,15),(885,885,1),(886,886,2),(887,887,3),(888,888,4),(889,889,5),(890,890,6),(891,891,7),(892,892,8),(893,893,9),(894,894,10),(895,895,11),(896,896,12),(897,897,13),(898,898,14),(899,899,15),(900,900,1),(901,901,2),(902,902,3),(903,903,4),(904,904,5),(905,905,6),(906,906,7),(907,907,8),(908,908,9),(909,909,10),(910,910,11),(911,911,12),(912,912,13),(913,913,14),(914,914,15),(915,915,1),(916,916,2),(917,917,3),(918,918,4),(919,919,5),(920,920,6),(921,921,7),(922,922,8),(923,923,9),(924,924,10),(925,925,11),(926,926,12),(927,927,13),(928,928,14),(929,929,15),(930,930,1),(931,931,2),(932,932,3),(933,933,4),(934,934,5),(935,935,6),(936,936,7),(937,937,8),(938,938,9),(939,939,10),(940,940,11),(941,941,12),(942,942,13),(943,943,14),(944,944,15),(945,945,1),(946,946,2),(947,947,3),(948,948,4),(949,949,5),(950,950,6),(951,951,7),(952,952,8),(953,953,9),(954,954,10),(955,955,11),(956,956,12),(957,957,13),(958,958,14),(959,959,15),(960,960,1),(961,961,2),(962,962,3),(963,963,4),(964,964,5),(965,965,6),(966,966,7),(967,967,8),(968,968,9),(969,969,10),(970,970,11),(971,971,12),(972,972,13),(973,973,14),(974,974,15),(975,975,1),(976,976,2),(977,977,3),(978,978,4),(979,979,5),(980,980,6),(981,981,7),(982,982,8),(983,983,9),(984,984,10),(985,985,11),(986,986,12),(987,987,13),(988,988,14),(989,989,15),(990,990,1),(991,991,2),(992,992,3),(993,993,4),(994,994,5),(995,995,6),(996,996,7),(997,997,8),(998,998,9),(999,999,10),(1000,1001,1),(1001,1002,1),(1002,1003,1),(1003,1004,1),(1004,1005,1),(1006,1006,1),(1007,1007,1);
/*!40000 ALTER TABLE `article_subcategories` ENABLE KEYS */;
UNLOCK TABLES;

--
-- Table structure for table `articles`
--

DROP TABLE IF EXISTS `articles`;
/*!40101 SET @saved_cs_client     = @@character_set_client */;
/*!40101 SET character_set_client = utf8 */;
CREATE TABLE `articles` (
  `article_id` int(10) unsigned NOT NULL AUTO_INCREMENT,
  `author_id` int(10) unsigned NOT NULL,
  `title` varchar(512) NOT NULL,
  `state` int(10) unsigned NOT NULL COMMENT '1: Da duyet - cho xuat ban, 2: Da xuat ban, 3: Bi tu choi, 4: Chua duoc duyet',
  `content` varchar(8192) NOT NULL COMMENT 'Luu bai viet ',
  `views` int(10) unsigned NOT NULL DEFAULT 0,
  `is_trending` int(1) NOT NULL DEFAULT 0 COMMENT '1: Co, 0: Khong',
  `is_premium` int(1) NOT NULL DEFAULT 0 COMMENT '1: Co, 0: Khong',
  `published_time` datetime DEFAULT NULL COMMENT 'Thoi gian xuat ban neu state la 2',
  `avatar_path` varchar(512) DEFAULT NULL COMMENT 'anh dai dien',
  `abstract` varchar(4096) DEFAULT NULL COMMENT 'tom tat bai viet',
  `editor_accepted` int(10) unsigned DEFAULT NULL,
  PRIMARY KEY (`article_id`),
  KEY `fk_author_id` (`author_id`),
  KEY `fk_state` (`state`),
  KEY `fk_editor_accepted` (`editor_accepted`),
  FULLTEXT KEY `idx_fts` (`title`,`content`,`abstract`),
  CONSTRAINT `fk_author_id` FOREIGN KEY (`author_id`) REFERENCES `users` (`id`) ON DELETE CASCADE ON UPDATE CASCADE,
  CONSTRAINT `fk_editor_accepted` FOREIGN KEY (`editor_accepted`) REFERENCES `users` (`id`) ON DELETE CASCADE ON UPDATE CASCADE,
  CONSTRAINT `fk_state` FOREIGN KEY (`state`) REFERENCES `states` (`state_id`) ON DELETE CASCADE ON UPDATE CASCADE
) ENGINE=InnoDB AUTO_INCREMENT=1008 DEFAULT CHARSET=utf8;
/*!40101 SET character_set_client = @saved_cs_client */;

--
-- Dumping data for table `articles`
--

LOCK TABLES `articles` WRITE;
/*!40000 ALTER TABLE `articles` DISABLE KEYS */;
INSERT INTO `articles` VALUES (1,3,'Tiêu đề bài báo 1',2,'Noi dung bai bao 1',500,1,0,'2021-07-27 23:14:32','fake path 1','Tom tat 1',2),(2,3,'Tiêu đề bài báo 2',3,'Noi dung bai bao 2',500,1,0,'2021-07-27 23:14:32','fake path 2','Tom tat 2',NULL),(3,3,'Tiêu đề bài báo 3',4,'Noi dung bai bao 3',500,1,0,'2021-07-27 23:14:32','fake path 3','Tom tat 3',NULL),(4,3,'Tiêu đề bài báo 4',1,'Noi dung bai bao 4',500,1,0,'2021-07-27 23:14:32','fake path 4','Tom tat 4',2),(5,3,'Tiêu đề bài báo 5',2,'Noi dung bai bao 5',500,1,0,'2021-07-27 23:14:32','fake path 5','Tom tat 5',2),(6,3,'Tiêu đề bài báo 6',3,'Noi dung bai bao 6',500,1,0,'2021-07-27 23:14:32','fake path 6','Tom tat 6',NULL),(7,3,'Tiêu đề bài báo 7',4,'Noi dung bai bao 7',500,1,0,'2021-07-27 23:14:32','fake path 7','Tom tat 7',NULL),(8,3,'Tiêu đề bài báo 8',1,'Noi dung bai bao 8',500,1,0,'2021-07-27 23:14:32','fake path 8','Tom tat 8',7),(9,3,'Tiêu đề bài báo 9',2,'Noi dung bai bao 9',500,1,0,'2021-07-27 23:14:32','fake path 9','Tom tat 9',7),(10,3,'Tiêu đề bài báo 10',3,'Noi dung bai bao 10',500,1,0,'2021-07-27 23:14:32','fake path 10','Tom tat 10',NULL),(11,3,'Tiêu đề bài báo 11',4,'Noi dung bai bao 11',500,1,0,'2021-07-27 23:14:32','fake path 11','Tom tat 11',NULL),(12,3,'Tiêu đề bài báo 12',1,'Noi dung bai bao 12',500,1,0,'2021-07-27 23:14:32','fake path 12','Tom tat 12',7),(13,3,'Tiêu đề bài báo 13',2,'Noi dung bai bao 13',500,1,0,'2021-07-27 23:14:32','fake path 13','Tom tat 13',7),(14,3,'Tiêu đề bài báo 14',3,'Noi dung bai bao 14',500,1,0,'2021-07-27 23:14:32','fake path 14','Tom tat 14',NULL),(15,3,'Tiêu đề bài báo 15',4,'Noi dung bai bao 15',2222,1,1,'2021-07-27 23:14:32','fake path 15','Tom tat 15',NULL),(16,3,'Tiêu đề bài báo 16',1,'Noi dung bai bao 16',500,1,0,'2021-07-27 23:14:32','fake path 16','Tom tat 16',2),(17,3,'Tiêu đề bài báo 17',2,'Noi dung bai bao 17',500,1,0,'2021-07-27 23:14:32','fake path 17','Tom tat 17',2),(18,3,'Tiêu đề bài báo 18',3,'Noi dung bai bao 18',500,1,0,'2021-07-27 23:14:32','fake path 18','Tom tat 18',NULL),(19,3,'Tiêu đề bài báo 19',4,'Noi dung bai bao 19',500,1,0,'2021-07-27 23:14:32','fake path 19','Tom tat 19',NULL),(20,3,'Tiêu đề bài báo 20',1,'Noi dung bai bao 20',500,1,0,'2021-07-27 23:14:32','fake path 20','Tom tat 20',2),(21,3,'Tiêu đề bài báo 21',2,'Noi dung bai bao 21',500,1,0,'2021-07-27 23:14:32','fake path 21','Tom tat 21',2),(22,3,'Tiêu đề bài báo 22',3,'Noi dung bai bao 22',500,1,0,'2021-07-27 23:14:32','fake path 22','Tom tat 22',NULL),(23,3,'Tiêu đề bài báo 23',4,'Noi dung bai bao 23',500,1,0,'2021-07-27 23:14:32','fake path 23','Tom tat 23',NULL),(24,3,'Tiêu đề bài báo 24',1,'Noi dung bai bao 24',500,1,0,'2021-07-27 23:14:32','fake path 24','Tom tat 24',7),(25,3,'Tiêu đề bài báo 25',2,'Noi dung bai bao 25',500,1,0,'2021-07-27 23:14:32','fake path 25','Tom tat 25',7),(26,3,'Tiêu đề bài báo 26',3,'Noi dung bai bao 26',500,1,0,'2021-07-27 23:14:32','fake path 26','Tom tat 26',NULL),(27,3,'Tiêu đề bài báo 27',4,'Noi dung bai bao 27',500,1,0,'2021-07-27 23:14:32','fake path 27','Tom tat 27',NULL),(28,3,'Tiêu đề bài báo 28',1,'Noi dung bai bao 28',500,1,0,'2021-07-27 23:14:32','fake path 28','Tom tat 28',7),(29,3,'Tiêu đề bài báo 29',2,'Noi dung bai bao 29',500,1,0,'2021-07-27 23:14:32','fake path 29','Tom tat 29',7),(30,3,'Tiêu đề bài báo 30',3,'Noi dung bai bao 30',500,1,0,'2021-07-27 23:14:32','fake path 30','Tom tat 30',NULL),(31,3,'Tiêu đề bài báo 31',4,'Noi dung bai bao 31',500,1,0,'2021-07-27 23:14:32','fake path 31','Tom tat 31',NULL),(32,3,'Tiêu đề bài báo 32',1,'Noi dung bai bao 32',500,1,0,'2021-07-27 23:14:32','fake path 32','Tom tat 32',2),(33,3,'Tiêu đề bài báo 33',2,'Noi dung bai bao 33',500,1,0,'2021-07-27 23:14:32','fake path 33','Tom tat 33',2),(34,3,'Tiêu đề bài báo 34',3,'Noi dung bai bao 34',500,1,0,'2021-07-27 23:14:32','fake path 34','Tom tat 34',NULL),(35,3,'Tiêu đề bài báo 35',4,'Noi dung bai bao 35',500,1,0,'2021-07-27 23:14:32','fake path 35','Tom tat 35',NULL),(36,3,'Tiêu đề bài báo 36',1,'Noi dung bai bao 36',500,1,0,'2021-07-27 23:14:32','fake path 36','Tom tat 36',2),(37,3,'Tiêu đề bài báo 37',2,'Noi dung bai bao 37',500,1,0,'2021-07-27 23:14:32','fake path 37','Tom tat 37',7),(38,3,'Tiêu đề bài báo 38',3,'Noi dung bai bao 38',500,1,0,'2021-07-27 23:14:32','fake path 38','Tom tat 38',NULL),(39,3,'Tiêu đề bài báo 39',4,'Noi dung bai bao 39',500,1,0,'2021-07-27 23:14:32','fake path 39','Tom tat 39',NULL),(40,3,'Tiêu đề bài báo 40',1,'Noi dung bai bao 40',500,1,0,'2021-07-27 23:14:32','fake path 40','Tom tat 40',7),(41,3,'Tiêu đề bài báo 41',2,'Noi dung bai bao 41',500,1,0,'2021-07-27 23:14:32','fake path 41','Tom tat 41',7),(42,3,'Tiêu đề bài báo 42',3,'Noi dung bai bao 42',500,1,0,'2021-07-27 23:14:32','fake path 42','Tom tat 42',NULL),(43,3,'Tiêu đề bài báo 43',4,'Noi dung bai bao 43',500,1,0,'2021-07-27 23:14:32','fake path 43','Tom tat 43',NULL),(44,3,'Tiêu đề bài báo 44',1,'Noi dung bai bao 44',500,1,0,'2021-07-27 23:14:32','fake path 44','Tom tat 44',7),(45,3,'Tiêu đề bài báo 45',2,'Noi dung bai bao 45',500,1,0,'2021-07-27 23:14:32','fake path 45','Tom tat 45',2),(46,3,'Tiêu đề bài báo 46',3,'Noi dung bai bao 46',500,1,0,'2021-07-27 23:14:32','fake path 46','Tom tat 46',NULL),(47,3,'Tiêu đề bài báo 47',4,'Noi dung bai bao 47',500,1,0,'2021-07-27 23:14:32','fake path 47','Tom tat 47',NULL),(48,3,'Tiêu đề bài báo 48',1,'Noi dung bai bao 48',500,1,0,'2021-07-27 23:14:32','fake path 48','Tom tat 48',2),(49,3,'Tiêu đề bài báo 49',2,'Noi dung bai bao 49',500,1,0,'2021-07-27 23:14:32','fake path 49','Tom tat 49',2),(50,3,'Tiêu đề bài báo 50',3,'Noi dung bai bao 50',500,1,0,'2021-07-27 23:14:32','fake path 50','Tom tat 50',NULL),(51,3,'Tiêu đề bài báo 51',4,'Noi dung bai bao 51',500,1,0,'2021-07-27 23:14:32','fake path 51','Tom tat 51',NULL),(52,3,'Tiêu đề bài báo 52',1,'Noi dung bai bao 52',500,1,0,'2021-07-27 23:14:32','fake path 52','Tom tat 52',7),(53,3,'Tiêu đề bài báo 53',2,'Noi dung bai bao 53',500,1,0,'2021-07-27 23:14:32','fake path 53','Tom tat 53',7),(54,3,'Tiêu đề bài báo 54',3,'Noi dung bai bao 54',500,1,0,'2021-07-27 23:14:32','fake path 54','Tom tat 54',NULL),(55,3,'Tiêu đề bài báo 55',4,'Noi dung bai bao 55',500,1,0,'2021-07-27 23:14:32','fake path 55','Tom tat 55',NULL),(56,3,'Tiêu đề bài báo 56',1,'Noi dung bai bao 56',500,1,0,'2021-07-27 23:14:32','fake path 56','Tom tat 56',7),(57,3,'Tiêu đề bài báo 57',2,'Noi dung bai bao 57',500,1,0,'2021-07-27 23:14:32','fake path 57','Tom tat 57',7),(58,3,'Tiêu đề bài báo 58',3,'Noi dung bai bao 58',500,1,0,'2021-07-27 23:14:32','fake path 58','Tom tat 58',NULL),(59,3,'Tiêu đề bài báo 59',4,'Noi dung bai bao 59',500,1,0,'2021-07-27 23:14:32','fake path 59','Tom tat 59',NULL),(60,3,'Tiêu đề bài báo 60',1,'Noi dung bai bao 60',500,1,0,'2021-07-27 23:14:32','fake path 60','Tom tat 60',2),(61,3,'Tiêu đề bài báo 61',2,'Noi dung bai bao 61',500,1,0,'2021-07-27 23:14:32','fake path 61','Tom tat 61',2),(62,3,'Tiêu đề bài báo 62',3,'Noi dung bai bao 62',500,1,0,'2021-07-27 23:14:32','fake path 62','Tom tat 62',NULL),(63,3,'Tiêu đề bài báo 63',4,'Noi dung bai bao 63',500,1,0,'2021-07-27 23:14:32','fake path 63','Tom tat 63',NULL),(64,3,'Tiêu đề bài báo 64',1,'Noi dung bai bao 64',500,1,0,'2021-07-27 23:14:32','fake path 64','Tom tat 64',2),(65,3,'Tiêu đề bài báo 65',2,'Noi dung bai bao 65',500,1,0,'2021-07-27 23:14:32','fake path 65','Tom tat 65',2),(66,3,'Tiêu đề bài báo 66',3,'Noi dung bai bao 66',500,1,0,'2021-07-27 23:14:32','fake path 66','Tom tat 66',NULL),(67,3,'Tiêu đề bài báo 67',4,'Noi dung bai bao 67',500,1,0,'2021-07-27 23:14:32','fake path 67','Tom tat 67',NULL),(68,3,'Tiêu đề bài báo 68',1,'Noi dung bai bao 68',500,1,0,'2021-07-27 23:14:32','fake path 68','Tom tat 68',7),(69,3,'Tiêu đề bài báo 69',2,'Noi dung bai bao 69',500,1,0,'2021-07-27 23:14:32','fake path 69','Tom tat 69',7),(70,3,'Tiêu đề bài báo 70',3,'Noi dung bai bao 70',500,1,0,'2021-07-27 23:14:32','fake path 70','Tom tat 70',NULL),(71,3,'Tiêu đề bài báo 71',4,'Noi dung bai bao 71',500,1,0,'2021-07-27 23:14:32','fake path 71','Tom tat 71',NULL),(72,3,'Tiêu đề bài báo 72',1,'Noi dung bai bao 72',500,1,0,'2021-07-27 23:14:32','fake path 72','Tom tat 72',7),(73,3,'Tiêu đề bài báo 73',2,'Noi dung bai bao 73',500,1,0,'2021-07-27 23:14:32','fake path 73','Tom tat 73',7),(74,3,'Tiêu đề bài báo 74',3,'Noi dung bai bao 74',500,1,0,'2021-07-27 23:14:32','fake path 74','Tom tat 74',NULL),(75,3,'Tiêu đề bài báo 75',4,'Noi dung bai bao 75',500,1,0,'2021-07-27 23:14:32','fake path 75','Tom tat 75',NULL),(76,3,'Tiêu đề bài báo 76',1,'Noi dung bai bao 76',500,1,0,'2021-07-27 23:14:32','fake path 76','Tom tat 76',2),(77,3,'Tiêu đề bài báo 77',2,'Noi dung bai bao 77',500,1,0,'2021-07-27 23:14:32','fake path 77','Tom tat 77',2),(78,3,'Tiêu đề bài báo 78',3,'Noi dung bai bao 78',500,1,0,'2021-07-27 23:14:32','fake path 78','Tom tat 78',NULL),(79,3,'Tiêu đề bài báo 79',4,'Noi dung bai bao 79',500,1,0,'2021-07-27 23:14:32','fake path 79','Tom tat 79',NULL),(80,3,'Tiêu đề bài báo 80',1,'Noi dung bai bao 80',500,1,0,'2021-07-27 23:14:32','fake path 80','Tom tat 80',2),(81,3,'Tiêu đề bài báo 81',2,'Noi dung bai bao 81',500,1,0,'2021-07-27 23:14:32','fake path 81','Tom tat 81',2),(82,3,'Tiêu đề bài báo 82',3,'Noi dung bai bao 82',500,1,0,'2021-07-27 23:14:32','fake path 82','Tom tat 82',NULL),(83,3,'Tiêu đề bài báo 83',4,'Noi dung bai bao 83',500,1,0,'2021-07-27 23:14:32','fake path 83','Tom tat 83',NULL),(84,3,'Tiêu đề bài báo 84',1,'Noi dung bai bao 84',500,1,0,'2021-07-27 23:14:32','fake path 84','Tom tat 84',7),(85,3,'Tiêu đề bài báo 85',2,'Noi dung bai bao 85',500,1,0,'2021-07-27 23:14:32','fake path 85','Tom tat 85',7),(86,3,'Tiêu đề bài báo 86',3,'Noi dung bai bao 86',500,1,0,'2021-07-27 23:14:32','fake path 86','Tom tat 86',NULL),(87,3,'Tiêu đề bài báo 87',4,'Noi dung bai bao 87',500,1,0,'2021-07-27 23:14:32','fake path 87','Tom tat 87',NULL),(88,3,'Tiêu đề bài báo 88',1,'Noi dung bai bao 88',500,1,0,'2021-07-27 23:14:32','fake path 88','Tom tat 88',7),(89,3,'Tiêu đề bài báo 89',2,'Noi dung bai bao 89',500,1,0,'2021-07-27 23:14:32','fake path 89','Tom tat 89',7),(90,3,'Tiêu đề bài báo 90',3,'Noi dung bai bao 90',500,1,0,'2021-07-27 23:14:32','fake path 90','Tom tat 90',NULL),(91,3,'Tiêu đề bài báo 91',4,'Noi dung bai bao 91',500,1,0,'2021-07-27 23:14:32','fake path 91','Tom tat 91',NULL),(92,3,'Tiêu đề bài báo 92',1,'Noi dung bai bao 92',500,1,0,'2021-07-27 23:14:32','fake path 92','Tom tat 92',2),(93,3,'Tiêu đề bài báo 93',2,'Noi dung bai bao 93',500,1,0,'2021-07-27 23:14:32','fake path 93','Tom tat 93',2),(94,3,'Tiêu đề bài báo 94',3,'Noi dung bai bao 94',500,1,0,'2021-07-27 23:14:32','fake path 94','Tom tat 94',NULL),(95,3,'Tiêu đề bài báo 95',4,'Noi dung bai bao 95',500,1,0,'2021-07-27 23:14:32','fake path 95','Tom tat 95',NULL),(96,3,'Tiêu đề bài báo 96',1,'Noi dung bai bao 96',500,1,0,'2021-07-27 23:14:32','fake path 96','Tom tat 96',2),(97,3,'Tiêu đề bài báo 97',2,'Noi dung bai bao 97',500,1,0,'2021-07-27 23:14:32','fake path 97','Tom tat 97',7),(98,3,'Tiêu đề bài báo 98',3,'Noi dung bai bao 98',500,1,0,'2021-07-27 23:14:32','fake path 98','Tom tat 98',NULL),(99,3,'Tiêu đề bài báo 99',4,'Noi dung bai bao 99',500,1,0,'2021-07-27 23:14:32','fake path 99','Tom tat 99',NULL),(100,3,'Tiêu đề bài báo 100',1,'Noi dung bai bao 100',500,1,0,'2021-07-27 23:14:32','fake path 100','Tom tat 100',7),(101,3,'Tiêu đề bài báo 101',2,'Noi dung bai bao 101',500,1,0,'2021-07-27 23:14:32','fake path 101','Tom tat 101',7),(102,3,'Tiêu đề bài báo 102',3,'Noi dung bai bao 102',500,1,0,'2021-07-27 23:14:32','fake path 102','Tom tat 102',NULL),(103,3,'Tiêu đề bài báo 103',4,'Noi dung bai bao 103',500,1,0,'2021-07-27 23:14:32','fake path 103','Tom tat 103',NULL),(104,3,'Tiêu đề bài báo 104',1,'Noi dung bai bao 104',500,1,0,'2021-07-27 23:14:32','fake path 104','Tom tat 104',7),(105,3,'Tiêu đề bài báo 105',2,'Noi dung bai bao 105',500,1,0,'2021-07-27 23:14:32','fake path 105','Tom tat 105',2),(106,3,'Tiêu đề bài báo 106',3,'Noi dung bai bao 106',500,1,0,'2021-07-27 23:14:32','fake path 106','Tom tat 106',NULL),(107,3,'Tiêu đề bài báo 107',4,'Noi dung bai bao 107',500,1,0,'2021-07-27 23:14:32','fake path 107','Tom tat 107',NULL),(108,3,'Tiêu đề bài báo 108',1,'Noi dung bai bao 108',500,1,0,'2021-07-27 23:14:32','fake path 108','Tom tat 108',2),(109,3,'Tiêu đề bài báo 109',2,'Noi dung bai bao 109',500,1,0,'2021-07-27 23:14:32','fake path 109','Tom tat 109',2),(110,3,'Tiêu đề bài báo 110',3,'Noi dung bai bao 110',500,1,0,'2021-07-27 23:14:32','fake path 110','Tom tat 110',NULL),(111,3,'Tiêu đề bài báo 111',4,'Noi dung bai bao 111',500,1,0,'2021-07-27 23:14:32','fake path 111','Tom tat 111',NULL),(112,3,'Tiêu đề bài báo 112',1,'Noi dung bai bao 112',500,1,0,'2021-07-27 23:14:32','fake path 112','Tom tat 112',7),(113,3,'Tiêu đề bài báo 113',2,'Noi dung bai bao 113',500,1,0,'2021-07-27 23:14:32','fake path 113','Tom tat 113',7),(114,3,'Tiêu đề bài báo 114',3,'Noi dung bai bao 114',500,1,0,'2021-07-27 23:14:32','fake path 114','Tom tat 114',NULL),(115,3,'Tiêu đề bài báo 115',4,'Noi dung bai bao 115',500,1,0,'2021-07-27 23:14:32','fake path 115','Tom tat 115',NULL),(116,3,'Tiêu đề bài báo 116',1,'Noi dung bai bao 116',500,1,0,'2021-07-27 23:14:32','fake path 116','Tom tat 116',7),(117,3,'Tiêu đề bài báo 117',2,'Noi dung bai bao 117',500,1,0,'2021-07-27 23:14:32','fake path 117','Tom tat 117',7),(118,3,'Tiêu đề bài báo 118',3,'Noi dung bai bao 118',500,1,0,'2021-07-27 23:14:32','fake path 118','Tom tat 118',NULL),(119,3,'Tiêu đề bài báo 119',4,'Noi dung bai bao 119',500,1,0,'2021-07-27 23:14:32','fake path 119','Tom tat 119',NULL),(120,3,'Tiêu đề bài báo 120',1,'Noi dung bai bao 120',500,1,0,'2021-07-27 23:14:32','fake path 120','Tom tat 120',2),(121,3,'Tiêu đề bài báo 121',2,'Noi dung bai bao 121',500,1,0,'2021-07-27 23:14:32','fake path 121','Tom tat 121',2),(122,3,'Tiêu đề bài báo 122',3,'Noi dung bai bao 122',500,1,0,'2021-07-27 23:14:32','fake path 122','Tom tat 122',NULL),(123,3,'Tiêu đề bài báo 123',4,'Noi dung bai bao 123',500,1,0,'2021-07-27 23:14:32','fake path 123','Tom tat 123',NULL),(124,3,'Tiêu đề bài báo 124',1,'Noi dung bai bao 124',500,1,0,'2021-07-27 23:14:32','fake path 124','Tom tat 124',2),(125,3,'Tiêu đề bài báo 125',2,'Noi dung bai bao 125',500,1,0,'2021-07-27 23:14:32','fake path 125','Tom tat 125',2),(126,3,'Tiêu đề bài báo 126',3,'Noi dung bai bao 126',500,1,0,'2021-07-27 23:14:32','fake path 126','Tom tat 126',NULL),(127,3,'Tiêu đề bài báo 127',4,'Noi dung bai bao 127',500,1,0,'2021-07-27 23:14:32','fake path 127','Tom tat 127',NULL),(128,3,'Tiêu đề bài báo 128',1,'Noi dung bai bao 128',500,1,0,'2021-07-27 23:14:32','fake path 128','Tom tat 128',7),(129,3,'Tiêu đề bài báo 129',2,'Noi dung bai bao 129',500,1,0,'2021-07-27 23:14:32','fake path 129','Tom tat 129',7),(130,3,'Tiêu đề bài báo 130',3,'Noi dung bai bao 130',500,1,0,'2021-07-27 23:14:32','fake path 130','Tom tat 130',NULL),(131,3,'Tiêu đề bài báo 131',4,'Noi dung bai bao 131',500,1,0,'2021-07-27 23:14:32','fake path 131','Tom tat 131',NULL),(132,3,'Tiêu đề bài báo 132',1,'Noi dung bai bao 132',500,1,0,'2021-07-27 23:14:32','fake path 132','Tom tat 132',7),(133,3,'Tiêu đề bài báo 133',2,'Noi dung bai bao 133',500,1,0,'2021-07-27 23:14:32','fake path 133','Tom tat 133',7),(134,3,'Tiêu đề bài báo 134',3,'Noi dung bai bao 134',500,1,0,'2021-07-27 23:14:32','fake path 134','Tom tat 134',NULL),(135,3,'Tiêu đề bài báo 135',4,'Noi dung bai bao 135',500,1,0,'2021-07-27 23:14:32','fake path 135','Tom tat 135',NULL),(136,3,'Tiêu đề bài báo 136',1,'Noi dung bai bao 136',500,1,0,'2021-07-27 23:14:32','fake path 136','Tom tat 136',2),(137,3,'Tiêu đề bài báo 137',2,'Noi dung bai bao 137',500,1,0,'2021-07-27 23:14:32','fake path 137','Tom tat 137',2),(138,3,'Tiêu đề bài báo 138',3,'Noi dung bai bao 138',500,1,0,'2021-07-27 23:14:32','fake path 138','Tom tat 138',NULL),(139,3,'Tiêu đề bài báo 139',4,'Noi dung bai bao 139',500,1,0,'2021-07-27 23:14:32','fake path 139','Tom tat 139',NULL),(140,3,'Tiêu đề bài báo 140',1,'Noi dung bai bao 140',500,1,0,'2021-07-27 23:14:32','fake path 140','Tom tat 140',2),(141,3,'Tiêu đề bài báo 141',2,'Noi dung bai bao 141',500,1,0,'2021-07-27 23:14:32','fake path 141','Tom tat 141',2),(142,3,'Tiêu đề bài báo 142',3,'Noi dung bai bao 142',500,1,0,'2021-07-27 23:14:32','fake path 142','Tom tat 142',NULL),(143,3,'Tiêu đề bài báo 143',4,'Noi dung bai bao 143',500,1,0,'2021-07-27 23:14:32','fake path 143','Tom tat 143',NULL),(144,3,'Tiêu đề bài báo 144',1,'Noi dung bai bao 144',500,1,0,'2021-07-27 23:14:32','fake path 144','Tom tat 144',7),(145,3,'Tiêu đề bài báo 145',2,'Noi dung bai bao 145',500,1,0,'2021-07-27 23:14:32','fake path 145','Tom tat 145',7),(146,3,'Tiêu đề bài báo 146',3,'Noi dung bai bao 146',500,1,0,'2021-07-27 23:14:32','fake path 146','Tom tat 146',NULL),(147,3,'Tiêu đề bài báo 147',4,'Noi dung bai bao 147',500,1,0,'2021-07-27 23:14:32','fake path 147','Tom tat 147',NULL),(148,3,'Tiêu đề bài báo 148',1,'Noi dung bai bao 148',500,1,0,'2021-07-27 23:14:32','fake path 148','Tom tat 148',7),(149,3,'Tiêu đề bài báo 149',2,'Noi dung bai bao 149',500,1,0,'2021-07-27 23:14:32','fake path 149','Tom tat 149',7),(150,3,'Tiêu đề bài báo 150',3,'Noi dung bai bao 150',500,1,0,'2021-07-27 23:14:32','fake path 150','Tom tat 150',NULL),(151,3,'Tiêu đề bài báo 151',4,'Noi dung bai bao 151',500,1,0,'2021-07-27 23:14:32','fake path 151','Tom tat 151',NULL),(152,3,'Tiêu đề bài báo 152',1,'Noi dung bai bao 152',500,1,0,'2021-07-27 23:14:32','fake path 152','Tom tat 152',2),(153,3,'Tiêu đề bài báo 153',2,'Noi dung bai bao 153',500,1,0,'2021-07-27 23:14:32','fake path 153','Tom tat 153',2),(154,3,'Tiêu đề bài báo 154',3,'Noi dung bai bao 154',500,1,0,'2021-07-27 23:14:32','fake path 154','Tom tat 154',NULL),(155,3,'Tiêu đề bài báo 155',4,'Noi dung bai bao 155',500,1,0,'2021-07-27 23:14:32','fake path 155','Tom tat 155',NULL),(156,3,'Tiêu đề bài báo 156',1,'Noi dung bai bao 156',500,1,0,'2021-07-27 23:14:32','fake path 156','Tom tat 156',2),(157,3,'Tiêu đề bài báo 157',2,'Noi dung bai bao 157',500,1,0,'2021-07-27 23:14:32','fake path 157','Tom tat 157',7),(158,3,'Tiêu đề bài báo 158',3,'Noi dung bai bao 158',500,1,0,'2021-07-27 23:14:32','fake path 158','Tom tat 158',NULL),(159,3,'Tiêu đề bài báo 159',4,'Noi dung bai bao 159',500,1,0,'2021-07-27 23:14:32','fake path 159','Tom tat 159',NULL),(160,3,'Tiêu đề bài báo 160',1,'Noi dung bai bao 160',500,1,0,'2021-07-27 23:14:32','fake path 160','Tom tat 160',7),(161,3,'Tiêu đề bài báo 161',2,'Noi dung bai bao 161',500,1,0,'2021-07-27 23:14:32','fake path 161','Tom tat 161',7),(162,3,'Tiêu đề bài báo 162',3,'Noi dung bai bao 162',500,1,0,'2021-07-27 23:14:32','fake path 162','Tom tat 162',NULL),(163,3,'Tiêu đề bài báo 163',4,'Noi dung bai bao 163',500,1,0,'2021-07-27 23:14:32','fake path 163','Tom tat 163',NULL),(164,3,'Tiêu đề bài báo 164',1,'Noi dung bai bao 164',500,1,0,'2021-07-27 23:14:32','fake path 164','Tom tat 164',7),(165,3,'Tiêu đề bài báo 165',2,'Noi dung bai bao 165',500,1,0,'2021-07-27 23:14:32','fake path 165','Tom tat 165',2),(166,3,'Tiêu đề bài báo 166',3,'Noi dung bai bao 166',500,1,0,'2021-07-27 23:14:32','fake path 166','Tom tat 166',NULL),(167,3,'Tiêu đề bài báo 167',4,'Noi dung bai bao 167',500,1,0,'2021-07-27 23:14:32','fake path 167','Tom tat 167',NULL),(168,3,'Tiêu đề bài báo 168',1,'Noi dung bai bao 168',500,1,0,'2021-07-27 23:14:32','fake path 168','Tom tat 168',2),(169,3,'Tiêu đề bài báo 169',2,'Noi dung bai bao 169',500,1,0,'2021-07-27 23:14:32','fake path 169','Tom tat 169',2),(170,3,'Tiêu đề bài báo 170',3,'Noi dung bai bao 170',500,1,0,'2021-07-27 23:14:32','fake path 170','Tom tat 170',NULL),(171,3,'Tiêu đề bài báo 171',4,'Noi dung bai bao 171',500,1,0,'2021-07-27 23:14:32','fake path 171','Tom tat 171',NULL),(172,3,'Tiêu đề bài báo 172',1,'Noi dung bai bao 172',500,1,0,'2021-07-27 23:14:32','fake path 172','Tom tat 172',7),(173,3,'Tiêu đề bài báo 173',2,'Noi dung bai bao 173',500,1,0,'2021-07-27 23:14:32','fake path 173','Tom tat 173',7),(174,3,'Tiêu đề bài báo 174',3,'Noi dung bai bao 174',500,1,0,'2021-07-27 23:14:32','fake path 174','Tom tat 174',NULL),(175,3,'Tiêu đề bài báo 175',4,'Noi dung bai bao 175',500,1,0,'2021-07-27 23:14:32','fake path 175','Tom tat 175',NULL),(176,3,'Tiêu đề bài báo 176',1,'Noi dung bai bao 176',500,1,0,'2021-07-27 23:14:32','fake path 176','Tom tat 176',7),(177,3,'Tiêu đề bài báo 177',2,'Noi dung bai bao 177',500,1,0,'2021-07-27 23:14:32','fake path 177','Tom tat 177',7),(178,3,'Tiêu đề bài báo 178',3,'Noi dung bai bao 178',500,1,0,'2021-07-27 23:14:32','fake path 178','Tom tat 178',NULL),(179,3,'Tiêu đề bài báo 179',4,'Noi dung bai bao 179',500,1,0,'2021-07-27 23:14:32','fake path 179','Tom tat 179',NULL),(180,3,'Tiêu đề bài báo 180',1,'Noi dung bai bao 180',500,1,0,'2021-07-27 23:14:32','fake path 180','Tom tat 180',2),(181,3,'Tiêu đề bài báo 181',2,'Noi dung bai bao 181',500,1,0,'2021-07-27 23:14:32','fake path 181','Tom tat 181',2),(182,3,'Tiêu đề bài báo 182',3,'Noi dung bai bao 182',500,1,0,'2021-07-27 23:14:32','fake path 182','Tom tat 182',NULL),(183,3,'Tiêu đề bài báo 183',4,'Noi dung bai bao 183',500,1,0,'2021-07-27 23:14:32','fake path 183','Tom tat 183',NULL),(184,3,'Tiêu đề bài báo 184',1,'Noi dung bai bao 184',500,1,0,'2021-07-27 23:14:32','fake path 184','Tom tat 184',2),(185,3,'Tiêu đề bài báo 185',2,'Noi dung bai bao 185',500,1,0,'2021-07-27 23:14:32','fake path 185','Tom tat 185',2),(186,3,'Tiêu đề bài báo 186',3,'Noi dung bai bao 186',500,1,0,'2021-07-27 23:14:32','fake path 186','Tom tat 186',NULL),(187,3,'Tiêu đề bài báo 187',4,'Noi dung bai bao 187',500,1,0,'2021-07-27 23:14:32','fake path 187','Tom tat 187',NULL),(188,3,'Tiêu đề bài báo 188',1,'Noi dung bai bao 188',500,1,0,'2021-07-27 23:14:32','fake path 188','Tom tat 188',7),(189,3,'Tiêu đề bài báo 189',2,'Noi dung bai bao 189',500,1,0,'2021-07-27 23:14:32','fake path 189','Tom tat 189',7),(190,3,'Tiêu đề bài báo 190',3,'Noi dung bai bao 190',500,1,0,'2021-07-27 23:14:32','fake path 190','Tom tat 190',NULL),(191,3,'Tiêu đề bài báo 191',4,'Noi dung bai bao 191',500,1,0,'2021-07-27 23:14:32','fake path 191','Tom tat 191',NULL),(192,3,'Tiêu đề bài báo 192',1,'Noi dung bai bao 192',500,1,0,'2021-07-27 23:14:32','fake path 192','Tom tat 192',7),(193,3,'Tiêu đề bài báo 193',2,'Noi dung bai bao 193',500,1,0,'2021-07-27 23:14:32','fake path 193','Tom tat 193',7),(194,3,'Tiêu đề bài báo 194',3,'Noi dung bai bao 194',500,1,0,'2021-07-27 23:14:32','fake path 194','Tom tat 194',NULL),(195,3,'Tiêu đề bài báo 195',4,'Noi dung bai bao 195',500,1,0,'2021-07-27 23:14:32','fake path 195','Tom tat 195',NULL),(196,3,'Tiêu đề bài báo 196',1,'Noi dung bai bao 196',500,1,0,'2021-07-27 23:14:32','fake path 196','Tom tat 196',2),(197,3,'Tiêu đề bài báo 197',2,'Noi dung bai bao 197',500,1,0,'2021-07-27 23:14:32','fake path 197','Tom tat 197',2),(198,3,'Tiêu đề bài báo 198',3,'Noi dung bai bao 198',500,1,0,'2021-07-27 23:14:32','fake path 198','Tom tat 198',NULL),(199,3,'Tiêu đề bài báo 199',4,'Noi dung bai bao 199',500,1,0,'2021-07-27 23:14:32','fake path 199','Tom tat 199',NULL),(200,3,'Tiêu đề bài báo 200',1,'Noi dung bai bao 200',500,1,0,'2021-07-27 23:14:32','fake path 200','Tom tat 200',2),(201,3,'Tiêu đề bài báo 201',2,'Noi dung bai bao 201',500,1,0,'2021-07-27 23:14:32','fake path 201','Tom tat 201',2),(202,3,'Tiêu đề bài báo 202',3,'Noi dung bai bao 202',500,1,0,'2021-07-27 23:14:32','fake path 202','Tom tat 202',NULL),(203,3,'Tiêu đề bài báo 203',4,'Noi dung bai bao 203',500,1,0,'2021-07-27 23:14:32','fake path 203','Tom tat 203',NULL),(204,3,'Tiêu đề bài báo 204',1,'Noi dung bai bao 204',500,1,0,'2021-07-27 23:14:32','fake path 204','Tom tat 204',7),(205,3,'Tiêu đề bài báo 205',2,'Noi dung bai bao 205',500,1,0,'2021-07-27 23:14:32','fake path 205','Tom tat 205',7),(206,3,'Tiêu đề bài báo 206',3,'Noi dung bai bao 206',500,1,0,'2021-07-27 23:14:32','fake path 206','Tom tat 206',NULL),(207,3,'Tiêu đề bài báo 207',4,'Noi dung bai bao 207',500,1,0,'2021-07-27 23:14:32','fake path 207','Tom tat 207',NULL),(208,3,'Tiêu đề bài báo 208',1,'Noi dung bai bao 208',500,1,0,'2021-07-27 23:14:32','fake path 208','Tom tat 208',7),(209,3,'Tiêu đề bài báo 209',2,'Noi dung bai bao 209',500,1,0,'2021-07-27 23:14:32','fake path 209','Tom tat 209',7),(210,3,'Tiêu đề bài báo 210',3,'Noi dung bai bao 210',500,1,0,'2021-07-27 23:14:32','fake path 210','Tom tat 210',NULL),(211,3,'Tiêu đề bài báo 211',4,'Noi dung bai bao 211',500,1,0,'2021-07-27 23:14:32','fake path 211','Tom tat 211',NULL),(212,3,'Tiêu đề bài báo 212',1,'Noi dung bai bao 212',500,1,0,'2021-07-27 23:14:32','fake path 212','Tom tat 212',2),(213,3,'Tiêu đề bài báo 213',2,'Noi dung bai bao 213',500,1,0,'2021-07-27 23:14:32','fake path 213','Tom tat 213',2),(214,3,'Tiêu đề bài báo 214',3,'Noi dung bai bao 214',500,1,0,'2021-07-27 23:14:32','fake path 214','Tom tat 214',NULL),(215,3,'Tiêu đề bài báo 215',4,'Noi dung bai bao 215',500,1,0,'2021-07-27 23:14:32','fake path 215','Tom tat 215',NULL),(216,3,'Tiêu đề bài báo 216',1,'Noi dung bai bao 216',500,1,0,'2021-07-27 23:14:32','fake path 216','Tom tat 216',2),(217,3,'Tiêu đề bài báo 217',2,'Noi dung bai bao 217',500,1,0,'2021-07-27 23:14:32','fake path 217','Tom tat 217',7),(218,3,'Tiêu đề bài báo 218',3,'Noi dung bai bao 218',500,1,0,'2021-07-27 23:14:32','fake path 218','Tom tat 218',NULL),(219,3,'Tiêu đề bài báo 219',4,'Noi dung bai bao 219',500,1,0,'2021-07-27 23:14:32','fake path 219','Tom tat 219',NULL),(220,3,'Tiêu đề bài báo 220',1,'Noi dung bai bao 220',500,1,0,'2021-07-27 23:14:32','fake path 220','Tom tat 220',7),(221,3,'Tiêu đề bài báo 221',2,'Noi dung bai bao 221',500,1,0,'2021-07-27 23:14:32','fake path 221','Tom tat 221',7),(222,3,'Tiêu đề bài báo 222',3,'Noi dung bai bao 222',500,1,0,'2021-07-27 23:14:32','fake path 222','Tom tat 222',NULL),(223,3,'Tiêu đề bài báo 223',4,'Noi dung bai bao 223',500,1,0,'2021-07-27 23:14:32','fake path 223','Tom tat 223',NULL),(224,3,'Tiêu đề bài báo 224',1,'Noi dung bai bao 224',500,1,0,'2021-07-27 23:14:32','fake path 224','Tom tat 224',7),(225,3,'Tiêu đề bài báo 225',2,'Noi dung bai bao 225',500,1,0,'2021-07-27 23:14:32','fake path 225','Tom tat 225',2),(226,3,'Tiêu đề bài báo 226',3,'Noi dung bai bao 226',500,1,0,'2021-07-27 23:14:32','fake path 226','Tom tat 226',NULL),(227,3,'Tiêu đề bài báo 227',4,'Noi dung bai bao 227',500,1,0,'2021-07-27 23:14:32','fake path 227','Tom tat 227',NULL),(228,3,'Tiêu đề bài báo 228',1,'Noi dung bai bao 228',500,1,0,'2021-07-27 23:14:32','fake path 228','Tom tat 228',2),(229,3,'Tiêu đề bài báo 229',2,'Noi dung bai bao 229',500,1,0,'2021-07-27 23:14:32','fake path 229','Tom tat 229',2),(230,3,'Tiêu đề bài báo 230',3,'Noi dung bai bao 230',500,1,0,'2021-07-27 23:14:32','fake path 230','Tom tat 230',NULL),(231,3,'Tiêu đề bài báo 231',4,'Noi dung bai bao 231',500,1,0,'2021-07-27 23:14:32','fake path 231','Tom tat 231',NULL),(232,3,'Tiêu đề bài báo 232',1,'Noi dung bai bao 232',500,1,0,'2021-07-27 23:14:32','fake path 232','Tom tat 232',7),(233,3,'Tiêu đề bài báo 233',2,'Noi dung bai bao 233',500,1,0,'2021-07-27 23:14:32','fake path 233','Tom tat 233',7),(234,3,'Tiêu đề bài báo 234',3,'Noi dung bai bao 234',500,1,0,'2021-07-27 23:14:32','fake path 234','Tom tat 234',NULL),(235,3,'Tiêu đề bài báo 235',4,'Noi dung bai bao 235',500,1,0,'2021-07-27 23:14:32','fake path 235','Tom tat 235',NULL),(236,3,'Tiêu đề bài báo 236',1,'Noi dung bai bao 236',500,1,0,'2021-07-27 23:14:32','fake path 236','Tom tat 236',7),(237,3,'Tiêu đề bài báo 237',2,'Noi dung bai bao 237',500,1,0,'2021-07-27 23:14:32','fake path 237','Tom tat 237',7),(238,3,'Tiêu đề bài báo 238',3,'Noi dung bai bao 238',500,1,0,'2021-07-27 23:14:32','fake path 238','Tom tat 238',NULL),(239,3,'Tiêu đề bài báo 239',4,'Noi dung bai bao 239',500,1,0,'2021-07-27 23:14:32','fake path 239','Tom tat 239',NULL),(240,3,'Tiêu đề bài báo 240',1,'Noi dung bai bao 240',500,1,0,'2021-07-27 23:14:32','fake path 240','Tom tat 240',2),(241,3,'Tiêu đề bài báo 241',2,'Noi dung bai bao 241',500,1,0,'2021-07-27 23:14:32','fake path 241','Tom tat 241',2),(242,3,'Tiêu đề bài báo 242',3,'Noi dung bai bao 242',500,1,0,'2021-07-27 23:14:32','fake path 242','Tom tat 242',NULL),(243,3,'Tiêu đề bài báo 243',4,'Noi dung bai bao 243',500,1,0,'2021-07-27 23:14:32','fake path 243','Tom tat 243',NULL),(244,3,'Tiêu đề bài báo 244',1,'Noi dung bai bao 244',500,1,0,'2021-07-27 23:14:32','fake path 244','Tom tat 244',2),(245,3,'Tiêu đề bài báo 245',2,'Noi dung bai bao 245',500,1,0,'2021-07-27 23:14:32','fake path 245','Tom tat 245',2),(246,3,'Tiêu đề bài báo 246',3,'Noi dung bai bao 246',500,1,0,'2021-07-27 23:14:32','fake path 246','Tom tat 246',NULL),(247,3,'Tiêu đề bài báo 247',4,'Noi dung bai bao 247',500,1,0,'2021-07-27 23:14:32','fake path 247','Tom tat 247',NULL),(248,3,'Tiêu đề bài báo 248',1,'Noi dung bai bao 248',500,1,0,'2021-07-27 23:14:32','fake path 248','Tom tat 248',7),(249,3,'Tiêu đề bài báo 249',2,'Noi dung bai bao 249',500,1,0,'2021-07-27 23:14:32','fake path 249','Tom tat 249',7),(250,3,'Tiêu đề bài báo 250',3,'Noi dung bai bao 250',500,1,0,'2021-07-27 23:14:32','fake path 250','Tom tat 250',NULL),(251,3,'Tiêu đề bài báo 251',4,'Noi dung bai bao 251',500,1,0,'2021-07-27 23:14:32','fake path 251','Tom tat 251',NULL),(252,3,'Tiêu đề bài báo 252',1,'Noi dung bai bao 252',500,1,0,'2021-07-27 23:14:32','fake path 252','Tom tat 252',7),(253,3,'Tiêu đề bài báo 253',2,'Noi dung bai bao 253',500,1,0,'2021-07-27 23:14:32','fake path 253','Tom tat 253',7),(254,3,'Tiêu đề bài báo 254',3,'Noi dung bai bao 254',500,1,0,'2021-07-27 23:14:32','fake path 254','Tom tat 254',NULL),(255,3,'Tiêu đề bài báo 255',4,'Noi dung bai bao 255',500,1,0,'2021-07-27 23:14:32','fake path 255','Tom tat 255',NULL),(256,3,'Tiêu đề bài báo 256',1,'Noi dung bai bao 256',500,1,0,'2021-07-27 23:14:32','fake path 256','Tom tat 256',2),(257,3,'Tiêu đề bài báo 257',2,'Noi dung bai bao 257',500,1,0,'2021-07-27 23:14:32','fake path 257','Tom tat 257',2),(258,3,'Tiêu đề bài báo 258',3,'Noi dung bai bao 258',500,1,0,'2021-07-27 23:14:32','fake path 258','Tom tat 258',NULL),(259,3,'Tiêu đề bài báo 259',4,'Noi dung bai bao 259',500,1,0,'2021-07-27 23:14:32','fake path 259','Tom tat 259',NULL),(260,3,'Tiêu đề bài báo 260',1,'Noi dung bai bao 260',500,1,0,'2021-07-27 23:14:32','fake path 260','Tom tat 260',2),(261,3,'Tiêu đề bài báo 261',2,'Noi dung bai bao 261',500,1,0,'2021-07-27 23:14:32','fake path 261','Tom tat 261',2),(262,3,'Tiêu đề bài báo 262',3,'Noi dung bai bao 262',500,1,0,'2021-07-27 23:14:32','fake path 262','Tom tat 262',NULL),(263,3,'Tiêu đề bài báo 263',4,'Noi dung bai bao 263',500,1,0,'2021-07-27 23:14:32','fake path 263','Tom tat 263',NULL),(264,3,'Tiêu đề bài báo 264',1,'Noi dung bai bao 264',500,1,0,'2021-07-27 23:14:32','fake path 264','Tom tat 264',7),(265,3,'Tiêu đề bài báo 265',2,'Noi dung bai bao 265',500,1,0,'2021-07-27 23:14:32','fake path 265','Tom tat 265',7),(266,3,'Tiêu đề bài báo 266',3,'Noi dung bai bao 266',500,1,0,'2021-07-27 23:14:32','fake path 266','Tom tat 266',NULL),(267,3,'Tiêu đề bài báo 267',4,'Noi dung bai bao 267',500,1,0,'2021-07-27 23:14:32','fake path 267','Tom tat 267',NULL),(268,3,'Tiêu đề bài báo 268',1,'Noi dung bai bao 268',500,1,0,'2021-07-27 23:14:32','fake path 268','Tom tat 268',7),(269,3,'Tiêu đề bài báo 269',2,'Noi dung bai bao 269',500,1,0,'2021-07-27 23:14:32','fake path 269','Tom tat 269',7),(270,3,'Tiêu đề bài báo 270',3,'Noi dung bai bao 270',500,1,0,'2021-07-27 23:14:32','fake path 270','Tom tat 270',NULL),(271,3,'Tiêu đề bài báo 271',4,'Noi dung bai bao 271',500,1,0,'2021-07-27 23:14:32','fake path 271','Tom tat 271',NULL),(272,3,'Tiêu đề bài báo 272',1,'Noi dung bai bao 272',500,1,0,'2021-07-27 23:14:32','fake path 272','Tom tat 272',2),(273,3,'Tiêu đề bài báo 273',2,'Noi dung bai bao 273',500,1,0,'2021-07-27 23:14:32','fake path 273','Tom tat 273',2),(274,3,'Tiêu đề bài báo 274',3,'Noi dung bai bao 274',500,1,0,'2021-07-27 23:14:32','fake path 274','Tom tat 274',NULL),(275,3,'Tiêu đề bài báo 275',4,'Noi dung bai bao 275',500,1,0,'2021-07-27 23:14:32','fake path 275','Tom tat 275',NULL),(276,3,'Tiêu đề bài báo 276',1,'Noi dung bai bao 276',500,1,0,'2021-07-27 23:14:32','fake path 276','Tom tat 276',2),(277,3,'Tiêu đề bài báo 277',2,'Noi dung bai bao 277',500,1,0,'2021-07-27 23:14:32','fake path 277','Tom tat 277',7),(278,3,'Tiêu đề bài báo 278',3,'Noi dung bai bao 278',500,1,0,'2021-07-27 23:14:32','fake path 278','Tom tat 278',NULL),(279,3,'Tiêu đề bài báo 279',4,'Noi dung bai bao 279',500,1,0,'2021-07-27 23:14:32','fake path 279','Tom tat 279',NULL),(280,3,'Tiêu đề bài báo 280',1,'Noi dung bai bao 280',500,1,0,'2021-07-27 23:14:32','fake path 280','Tom tat 280',7),(281,3,'Tiêu đề bài báo 281',2,'Noi dung bai bao 281',500,1,0,'2021-07-27 23:14:32','fake path 281','Tom tat 281',7),(282,3,'Tiêu đề bài báo 282',3,'Noi dung bai bao 282',500,1,0,'2021-07-27 23:14:32','fake path 282','Tom tat 282',NULL),(283,3,'Tiêu đề bài báo 283',4,'Noi dung bai bao 283',500,1,0,'2021-07-27 23:14:32','fake path 283','Tom tat 283',NULL),(284,3,'Tiêu đề bài báo 284',1,'Noi dung bai bao 284',500,1,0,'2021-07-27 23:14:32','fake path 284','Tom tat 284',7),(285,3,'Tiêu đề bài báo 285',2,'Noi dung bai bao 285',500,1,0,'2021-07-27 23:14:32','fake path 285','Tom tat 285',2),(286,3,'Tiêu đề bài báo 286',3,'Noi dung bai bao 286',500,1,0,'2021-07-27 23:14:32','fake path 286','Tom tat 286',NULL),(287,3,'Tiêu đề bài báo 287',4,'Noi dung bai bao 287',500,1,0,'2021-07-27 23:14:32','fake path 287','Tom tat 287',NULL),(288,3,'Tiêu đề bài báo 288',1,'Noi dung bai bao 288',500,1,0,'2021-07-27 23:14:32','fake path 288','Tom tat 288',2),(289,3,'Tiêu đề bài báo 289',2,'Noi dung bai bao 289',500,1,0,'2021-07-27 23:14:32','fake path 289','Tom tat 289',2),(290,3,'Tiêu đề bài báo 290',3,'Noi dung bai bao 290',500,1,0,'2021-07-27 23:14:32','fake path 290','Tom tat 290',NULL),(291,3,'Tiêu đề bài báo 291',4,'Noi dung bai bao 291',500,1,0,'2021-07-27 23:14:32','fake path 291','Tom tat 291',NULL),(292,3,'Tiêu đề bài báo 292',1,'Noi dung bai bao 292',500,1,0,'2021-07-27 23:14:32','fake path 292','Tom tat 292',7),(293,3,'Tiêu đề bài báo 293',2,'Noi dung bai bao 293',500,1,0,'2021-07-27 23:14:32','fake path 293','Tom tat 293',7),(294,3,'Tiêu đề bài báo 294',3,'Noi dung bai bao 294',500,1,0,'2021-07-27 23:14:32','fake path 294','Tom tat 294',NULL),(295,3,'Tiêu đề bài báo 295',4,'Noi dung bai bao 295',500,1,0,'2021-07-27 23:14:32','fake path 295','Tom tat 295',NULL),(296,3,'Tiêu đề bài báo 296',1,'Noi dung bai bao 296',500,1,0,'2021-07-27 23:14:32','fake path 296','Tom tat 296',7),(297,3,'Tiêu đề bài báo 297',2,'Noi dung bai bao 297',500,1,0,'2021-07-27 23:14:32','fake path 297','Tom tat 297',7),(298,3,'Tiêu đề bài báo 298',3,'Noi dung bai bao 298',500,1,0,'2021-07-27 23:14:32','fake path 298','Tom tat 298',NULL),(299,3,'Tiêu đề bài báo 299',4,'Noi dung bai bao 299',500,1,0,'2021-07-27 23:14:32','fake path 299','Tom tat 299',NULL),(300,3,'Tiêu đề bài báo 300',1,'Noi dung bai bao 300',500,1,0,'2021-07-27 23:14:32','fake path 300','Tom tat 300',2),(301,3,'Tiêu đề bài báo 301',2,'Noi dung bai bao 301',500,1,0,'2021-07-27 23:14:32','fake path 301','Tom tat 301',2),(302,3,'Tiêu đề bài báo 302',3,'Noi dung bai bao 302',500,1,0,'2021-07-27 23:14:32','fake path 302','Tom tat 302',NULL),(303,3,'Tiêu đề bài báo 303',4,'Noi dung bai bao 303',500,1,0,'2021-07-27 23:14:32','fake path 303','Tom tat 303',NULL),(304,3,'Tiêu đề bài báo 304',1,'Noi dung bai bao 304',500,1,0,'2021-07-27 23:14:32','fake path 304','Tom tat 304',2),(305,3,'Tiêu đề bài báo 305',2,'Noi dung bai bao 305',500,1,0,'2021-07-27 23:14:32','fake path 305','Tom tat 305',2),(306,3,'Tiêu đề bài báo 306',3,'Noi dung bai bao 306',500,1,0,'2021-07-27 23:14:32','fake path 306','Tom tat 306',NULL),(307,3,'Tiêu đề bài báo 307',4,'Noi dung bai bao 307',500,1,0,'2021-07-27 23:14:32','fake path 307','Tom tat 307',NULL),(308,3,'Tiêu đề bài báo 308',1,'Noi dung bai bao 308',500,1,0,'2021-07-27 23:14:32','fake path 308','Tom tat 308',7),(309,3,'Tiêu đề bài báo 309',2,'Noi dung bai bao 309',500,1,0,'2021-07-27 23:14:32','fake path 309','Tom tat 309',7),(310,3,'Tiêu đề bài báo 310',3,'Noi dung bai bao 310',500,1,0,'2021-07-27 23:14:32','fake path 310','Tom tat 310',NULL),(311,3,'Tiêu đề bài báo 311',4,'Noi dung bai bao 311',500,1,0,'2021-07-27 23:14:32','fake path 311','Tom tat 311',NULL),(312,3,'Tiêu đề bài báo 312',1,'Noi dung bai bao 312',500,1,0,'2021-07-27 23:14:32','fake path 312','Tom tat 312',7),(313,3,'Tiêu đề bài báo 313',2,'Noi dung bai bao 313',500,1,0,'2021-07-27 23:14:32','fake path 313','Tom tat 313',7),(314,3,'Tiêu đề bài báo 314',3,'Noi dung bai bao 314',500,1,0,'2021-07-27 23:14:32','fake path 314','Tom tat 314',NULL),(315,3,'Tiêu đề bài báo 315',4,'Noi dung bai bao 315',500,1,0,'2021-07-27 23:14:32','fake path 315','Tom tat 315',NULL),(316,3,'Tiêu đề bài báo 316',1,'Noi dung bai bao 316',500,1,0,'2021-07-27 23:14:32','fake path 316','Tom tat 316',2),(317,3,'Tiêu đề bài báo 317',2,'Noi dung bai bao 317',500,1,0,'2021-07-27 23:14:32','fake path 317','Tom tat 317',2),(318,3,'Tiêu đề bài báo 318',3,'Noi dung bai bao 318',500,1,0,'2021-07-27 23:14:32','fake path 318','Tom tat 318',NULL),(319,3,'Tiêu đề bài báo 319',4,'Noi dung bai bao 319',500,1,0,'2021-07-27 23:14:32','fake path 319','Tom tat 319',NULL),(320,3,'Tiêu đề bài báo 320',1,'Noi dung bai bao 320',500,1,0,'2021-07-27 23:14:32','fake path 320','Tom tat 320',2),(321,3,'Tiêu đề bài báo 321',2,'Noi dung bai bao 321',500,1,0,'2021-07-27 23:14:32','fake path 321','Tom tat 321',2),(322,3,'Tiêu đề bài báo 322',3,'Noi dung bai bao 322',500,1,0,'2021-07-27 23:14:32','fake path 322','Tom tat 322',NULL),(323,3,'Tiêu đề bài báo 323',4,'Noi dung bai bao 323',500,1,0,'2021-07-27 23:14:32','fake path 323','Tom tat 323',NULL),(324,3,'Tiêu đề bài báo 324',1,'Noi dung bai bao 324',500,1,0,'2021-07-27 23:14:32','fake path 324','Tom tat 324',7),(325,3,'Tiêu đề bài báo 325',2,'Noi dung bai bao 325',500,1,0,'2021-07-27 23:14:32','fake path 325','Tom tat 325',7),(326,3,'Tiêu đề bài báo 326',3,'Noi dung bai bao 326',500,1,0,'2021-07-27 23:14:32','fake path 326','Tom tat 326',NULL),(327,3,'Tiêu đề bài báo 327',4,'Noi dung bai bao 327',500,1,0,'2021-07-27 23:14:32','fake path 327','Tom tat 327',NULL),(328,3,'Tiêu đề bài báo 328',1,'Noi dung bai bao 328',500,1,0,'2021-07-27 23:14:32','fake path 328','Tom tat 328',7),(329,3,'Tiêu đề bài báo 329',2,'Noi dung bai bao 329',500,1,0,'2021-07-27 23:14:32','fake path 329','Tom tat 329',7),(330,3,'Tiêu đề bài báo 330',3,'Noi dung bai bao 330',500,1,0,'2021-07-27 23:14:32','fake path 330','Tom tat 330',NULL),(331,3,'Tiêu đề bài báo 331',4,'Noi dung bai bao 331',500,1,0,'2021-07-27 23:14:32','fake path 331','Tom tat 331',NULL),(332,3,'Tiêu đề bài báo 332',1,'Noi dung bai bao 332',500,1,0,'2021-07-27 23:14:32','fake path 332','Tom tat 332',2),(333,3,'Tiêu đề bài báo 333',2,'Noi dung bai bao 333',500,1,0,'2021-07-27 23:14:32','fake path 333','Tom tat 333',2),(334,3,'Tiêu đề bài báo 334',3,'Noi dung bai bao 334',500,1,0,'2021-07-27 23:14:32','fake path 334','Tom tat 334',NULL),(335,3,'Tiêu đề bài báo 335',4,'Noi dung bai bao 335',500,1,0,'2021-07-27 23:14:32','fake path 335','Tom tat 335',NULL),(336,3,'Tiêu đề bài báo 336',1,'Noi dung bai bao 336',500,1,0,'2021-07-27 23:14:32','fake path 336','Tom tat 336',2),(337,3,'Tiêu đề bài báo 337',2,'Noi dung bai bao 337',500,1,0,'2021-07-27 23:14:32','fake path 337','Tom tat 337',7),(338,3,'Tiêu đề bài báo 338',3,'Noi dung bai bao 338',500,1,0,'2021-07-27 23:14:32','fake path 338','Tom tat 338',NULL),(339,3,'Tiêu đề bài báo 339',4,'Noi dung bai bao 339',500,1,0,'2021-07-27 23:14:32','fake path 339','Tom tat 339',NULL),(340,3,'Tiêu đề bài báo 340',1,'Noi dung bai bao 340',500,1,0,'2021-07-27 23:14:32','fake path 340','Tom tat 340',7),(341,3,'Tiêu đề bài báo 341',2,'Noi dung bai bao 341',500,1,0,'2021-07-27 23:14:32','fake path 341','Tom tat 341',7),(342,3,'Tiêu đề bài báo 342',3,'Noi dung bai bao 342',500,1,0,'2021-07-27 23:14:32','fake path 342','Tom tat 342',NULL),(343,3,'Tiêu đề bài báo 343',4,'Noi dung bai bao 343',500,1,0,'2021-07-27 23:14:32','fake path 343','Tom tat 343',NULL),(344,3,'Tiêu đề bài báo 344',1,'Noi dung bai bao 344',500,1,0,'2021-07-27 23:14:32','fake path 344','Tom tat 344',7),(345,3,'Tiêu đề bài báo 345',2,'Noi dung bai bao 345',500,1,0,'2021-07-27 23:14:32','fake path 345','Tom tat 345',2),(346,3,'Tiêu đề bài báo 346',3,'Noi dung bai bao 346',500,1,0,'2021-07-27 23:14:32','fake path 346','Tom tat 346',NULL),(347,3,'Tiêu đề bài báo 347',4,'Noi dung bai bao 347',500,1,0,'2021-07-27 23:14:32','fake path 347','Tom tat 347',NULL),(348,3,'Tiêu đề bài báo 348',1,'Noi dung bai bao 348',500,1,0,'2021-07-27 23:14:32','fake path 348','Tom tat 348',2),(349,3,'Tiêu đề bài báo 349',2,'Noi dung bai bao 349',500,1,0,'2021-07-27 23:14:32','fake path 349','Tom tat 349',2),(350,3,'Tiêu đề bài báo 350',3,'Noi dung bai bao 350',500,1,0,'2021-07-27 23:14:32','fake path 350','Tom tat 350',NULL),(351,3,'Tiêu đề bài báo 351',4,'Noi dung bai bao 351',500,1,0,'2021-07-27 23:14:32','fake path 351','Tom tat 351',NULL),(352,3,'Tiêu đề bài báo 352',1,'Noi dung bai bao 352',500,1,0,'2021-07-27 23:14:32','fake path 352','Tom tat 352',7),(353,3,'Tiêu đề bài báo 353',2,'Noi dung bai bao 353',500,1,0,'2021-07-27 23:14:32','fake path 353','Tom tat 353',7),(354,3,'Tiêu đề bài báo 354',3,'Noi dung bai bao 354',500,1,0,'2021-07-27 23:14:32','fake path 354','Tom tat 354',NULL),(355,3,'Tiêu đề bài báo 355',4,'Noi dung bai bao 355',500,1,0,'2021-07-27 23:14:32','fake path 355','Tom tat 355',NULL),(356,3,'Tiêu đề bài báo 356',1,'Noi dung bai bao 356',500,1,0,'2021-07-27 23:14:32','fake path 356','Tom tat 356',7),(357,3,'Tiêu đề bài báo 357',2,'Noi dung bai bao 357',500,1,0,'2021-07-27 23:14:32','fake path 357','Tom tat 357',7),(358,3,'Tiêu đề bài báo 358',3,'Noi dung bai bao 358',500,1,0,'2021-07-27 23:14:32','fake path 358','Tom tat 358',NULL),(359,3,'Tiêu đề bài báo 359',4,'Noi dung bai bao 359',500,1,0,'2021-07-27 23:14:32','fake path 359','Tom tat 359',NULL),(360,3,'Tiêu đề bài báo 360',1,'Noi dung bai bao 360',500,1,0,'2021-07-27 23:14:32','fake path 360','Tom tat 360',2),(361,3,'Tiêu đề bài báo 361',2,'Noi dung bai bao 361',500,1,0,'2021-07-27 23:14:32','fake path 361','Tom tat 361',2),(362,3,'Tiêu đề bài báo 362',3,'Noi dung bai bao 362',500,1,0,'2021-07-27 23:14:32','fake path 362','Tom tat 362',NULL),(363,3,'Tiêu đề bài báo 363',4,'Noi dung bai bao 363',500,1,0,'2021-07-27 23:14:32','fake path 363','Tom tat 363',NULL),(364,3,'Tiêu đề bài báo 364',1,'Noi dung bai bao 364',500,1,0,'2021-07-27 23:14:32','fake path 364','Tom tat 364',2),(365,3,'Tiêu đề bài báo 365',2,'Noi dung bai bao 365',500,1,0,'2021-07-27 23:14:32','fake path 365','Tom tat 365',2),(366,3,'Tiêu đề bài báo 366',3,'Noi dung bai bao 366',500,1,0,'2021-07-27 23:14:32','fake path 366','Tom tat 366',NULL),(367,3,'Tiêu đề bài báo 367',4,'Noi dung bai bao 367',500,1,0,'2021-07-27 23:14:32','fake path 367','Tom tat 367',NULL),(368,3,'Tiêu đề bài báo 368',1,'Noi dung bai bao 368',500,1,0,'2021-07-27 23:14:32','fake path 368','Tom tat 368',7),(369,3,'Tiêu đề bài báo 369',2,'Noi dung bai bao 369',500,1,0,'2021-07-27 23:14:32','fake path 369','Tom tat 369',7),(370,3,'Tiêu đề bài báo 370',3,'Noi dung bai bao 370',500,1,0,'2021-07-27 23:14:32','fake path 370','Tom tat 370',NULL),(371,3,'Tiêu đề bài báo 371',4,'Noi dung bai bao 371',500,1,0,'2021-07-27 23:14:32','fake path 371','Tom tat 371',NULL),(372,3,'Tiêu đề bài báo 372',1,'Noi dung bai bao 372',500,1,0,'2021-07-27 23:14:32','fake path 372','Tom tat 372',7),(373,3,'Tiêu đề bài báo 373',2,'Noi dung bai bao 373',500,1,0,'2021-07-27 23:14:32','fake path 373','Tom tat 373',7),(374,3,'Tiêu đề bài báo 374',3,'Noi dung bai bao 374',500,1,0,'2021-07-27 23:14:32','fake path 374','Tom tat 374',NULL),(375,3,'Tiêu đề bài báo 375',4,'Noi dung bai bao 375',500,1,0,'2021-07-27 23:14:32','fake path 375','Tom tat 375',NULL),(376,3,'Tiêu đề bài báo 376',1,'Noi dung bai bao 376',500,1,0,'2021-07-27 23:14:32','fake path 376','Tom tat 376',2),(377,3,'Tiêu đề bài báo 377',2,'Noi dung bai bao 377',500,1,0,'2021-07-27 23:14:32','fake path 377','Tom tat 377',2),(378,3,'Tiêu đề bài báo 378',3,'Noi dung bai bao 378',500,1,0,'2021-07-27 23:14:32','fake path 378','Tom tat 378',NULL),(379,3,'Tiêu đề bài báo 379',4,'Noi dung bai bao 379',500,1,0,'2021-07-27 23:14:32','fake path 379','Tom tat 379',NULL),(380,3,'Tiêu đề bài báo 380',1,'Noi dung bai bao 380',500,1,0,'2021-07-27 23:14:32','fake path 380','Tom tat 380',2),(381,3,'Tiêu đề bài báo 381',2,'Noi dung bai bao 381',500,1,0,'2021-07-27 23:14:32','fake path 381','Tom tat 381',2),(382,3,'Tiêu đề bài báo 382',3,'Noi dung bai bao 382',500,1,0,'2021-07-27 23:14:32','fake path 382','Tom tat 382',NULL),(383,3,'Tiêu đề bài báo 383',4,'Noi dung bai bao 383',500,1,0,'2021-07-27 23:14:32','fake path 383','Tom tat 383',NULL),(384,3,'Tiêu đề bài báo 384',1,'Noi dung bai bao 384',500,1,0,'2021-07-27 23:14:32','fake path 384','Tom tat 384',7),(385,3,'Tiêu đề bài báo 385',2,'Noi dung bai bao 385',500,1,0,'2021-07-27 23:14:32','fake path 385','Tom tat 385',7),(386,3,'Tiêu đề bài báo 386',3,'Noi dung bai bao 386',500,1,0,'2021-07-27 23:14:32','fake path 386','Tom tat 386',NULL),(387,3,'Tiêu đề bài báo 387',4,'Noi dung bai bao 387',500,1,0,'2021-07-27 23:14:32','fake path 387','Tom tat 387',NULL),(388,3,'Tiêu đề bài báo 388',1,'Noi dung bai bao 388',500,1,0,'2021-07-27 23:14:32','fake path 388','Tom tat 388',7),(389,3,'Tiêu đề bài báo 389',2,'Noi dung bai bao 389',500,1,0,'2021-07-27 23:14:32','fake path 389','Tom tat 389',7),(390,3,'Tiêu đề bài báo 390',3,'Noi dung bai bao 390',500,1,0,'2021-07-27 23:14:32','fake path 390','Tom tat 390',NULL),(391,3,'Tiêu đề bài báo 391',4,'Noi dung bai bao 391',500,1,0,'2021-07-27 23:14:32','fake path 391','Tom tat 391',NULL),(392,3,'Tiêu đề bài báo 392',1,'Noi dung bai bao 392',500,1,0,'2021-07-27 23:14:32','fake path 392','Tom tat 392',2),(393,3,'Tiêu đề bài báo 393',2,'Noi dung bai bao 393',500,1,0,'2021-07-27 23:14:32','fake path 393','Tom tat 393',2),(394,3,'Tiêu đề bài báo 394',3,'Noi dung bai bao 394',500,1,0,'2021-07-27 23:14:32','fake path 394','Tom tat 394',NULL),(395,3,'Tiêu đề bài báo 395',4,'Noi dung bai bao 395',500,1,0,'2021-07-27 23:14:32','fake path 395','Tom tat 395',NULL),(396,3,'Tiêu đề bài báo 396',1,'Noi dung bai bao 396',500,1,0,'2021-07-27 23:14:32','fake path 396','Tom tat 396',2),(397,3,'Tiêu đề bài báo 397',2,'Noi dung bai bao 397',500,1,0,'2021-07-27 23:14:32','fake path 397','Tom tat 397',7),(398,3,'Tiêu đề bài báo 398',3,'Noi dung bai bao 398',500,1,0,'2021-07-27 23:14:32','fake path 398','Tom tat 398',NULL),(399,3,'Tiêu đề bài báo 399',4,'Noi dung bai bao 399',500,1,0,'2021-07-27 23:14:32','fake path 399','Tom tat 399',NULL),(400,3,'Tiêu đề bài báo 400',1,'Noi dung bai bao 400',500,1,0,'2021-07-27 23:14:32','fake path 400','Tom tat 400',7),(401,3,'Tiêu đề bài báo 401',2,'Noi dung bai bao 401',500,1,0,'2021-07-27 23:14:32','fake path 401','Tom tat 401',7),(402,3,'Tiêu đề bài báo 402',3,'Noi dung bai bao 402',500,1,0,'2021-07-27 23:14:32','fake path 402','Tom tat 402',NULL),(403,3,'Tiêu đề bài báo 403',4,'Noi dung bai bao 403',500,1,0,'2021-07-27 23:14:32','fake path 403','Tom tat 403',NULL),(404,3,'Tiêu đề bài báo 404',1,'Noi dung bai bao 404',500,1,0,'2021-07-27 23:14:32','fake path 404','Tom tat 404',7),(405,3,'Tiêu đề bài báo 405',2,'Noi dung bai bao 405',500,1,0,'2021-07-27 23:14:32','fake path 405','Tom tat 405',2),(406,3,'Tiêu đề bài báo 406',3,'Noi dung bai bao 406',500,1,0,'2021-07-27 23:14:32','fake path 406','Tom tat 406',NULL),(407,3,'Tiêu đề bài báo 407',4,'Noi dung bai bao 407',500,1,0,'2021-07-27 23:14:32','fake path 407','Tom tat 407',NULL),(408,3,'Tiêu đề bài báo 408',1,'Noi dung bai bao 408',500,1,0,'2021-07-27 23:14:32','fake path 408','Tom tat 408',2),(409,3,'Tiêu đề bài báo 409',2,'Noi dung bai bao 409',500,1,0,'2021-07-27 23:14:32','fake path 409','Tom tat 409',2),(410,3,'Tiêu đề bài báo 410',3,'Noi dung bai bao 410',500,1,0,'2021-07-27 23:14:32','fake path 410','Tom tat 410',NULL),(411,3,'Tiêu đề bài báo 411',4,'Noi dung bai bao 411',500,1,0,'2021-07-27 23:14:32','fake path 411','Tom tat 411',NULL),(412,3,'Tiêu đề bài báo 412',1,'Noi dung bai bao 412',500,1,0,'2021-07-27 23:14:32','fake path 412','Tom tat 412',7),(413,3,'Tiêu đề bài báo 413',2,'Noi dung bai bao 413',500,1,0,'2021-07-27 23:14:32','fake path 413','Tom tat 413',7),(414,3,'Tiêu đề bài báo 414',3,'Noi dung bai bao 414',500,1,0,'2021-07-27 23:14:32','fake path 414','Tom tat 414',NULL),(415,3,'Tiêu đề bài báo 415',4,'Noi dung bai bao 415',500,1,0,'2021-07-27 23:14:32','fake path 415','Tom tat 415',NULL),(416,3,'Tiêu đề bài báo 416',1,'Noi dung bai bao 416',500,1,0,'2021-07-27 23:14:32','fake path 416','Tom tat 416',7),(417,3,'Tiêu đề bài báo 417',2,'Noi dung bai bao 417',500,1,0,'2021-07-27 23:14:32','fake path 417','Tom tat 417',7),(418,3,'Tiêu đề bài báo 418',3,'Noi dung bai bao 418',500,1,0,'2021-07-27 23:14:32','fake path 418','Tom tat 418',NULL),(419,3,'Tiêu đề bài báo 419',4,'Noi dung bai bao 419',500,1,0,'2021-07-27 23:14:32','fake path 419','Tom tat 419',NULL),(420,3,'Tiêu đề bài báo 420',1,'Noi dung bai bao 420',500,1,0,'2021-07-27 23:14:32','fake path 420','Tom tat 420',2),(421,3,'Tiêu đề bài báo 421',2,'Noi dung bai bao 421',500,1,0,'2021-07-27 23:14:32','fake path 421','Tom tat 421',2),(422,3,'Tiêu đề bài báo 422',3,'Noi dung bai bao 422',500,1,0,'2021-07-27 23:14:32','fake path 422','Tom tat 422',NULL),(423,3,'Tiêu đề bài báo 423',4,'Noi dung bai bao 423',500,1,0,'2021-07-27 23:14:32','fake path 423','Tom tat 423',NULL),(424,3,'Tiêu đề bài báo 424',1,'Noi dung bai bao 424',500,1,0,'2021-07-27 23:14:32','fake path 424','Tom tat 424',2),(425,3,'Tiêu đề bài báo 425',2,'Noi dung bai bao 425',500,1,0,'2021-07-27 23:14:32','fake path 425','Tom tat 425',2),(426,3,'Tiêu đề bài báo 426',3,'Noi dung bai bao 426',500,1,0,'2021-07-27 23:14:32','fake path 426','Tom tat 426',NULL),(427,3,'Tiêu đề bài báo 427',4,'Noi dung bai bao 427',500,1,0,'2021-07-27 23:14:32','fake path 427','Tom tat 427',NULL),(428,3,'Tiêu đề bài báo 428',1,'Noi dung bai bao 428',500,1,0,'2021-07-27 23:14:32','fake path 428','Tom tat 428',7),(429,3,'Tiêu đề bài báo 429',2,'Noi dung bai bao 429',500,1,0,'2021-07-27 23:14:32','fake path 429','Tom tat 429',7),(430,3,'Tiêu đề bài báo 430',3,'Noi dung bai bao 430',500,1,0,'2021-07-27 23:14:32','fake path 430','Tom tat 430',NULL),(431,3,'Tiêu đề bài báo 431',4,'Noi dung bai bao 431',500,1,0,'2021-07-27 23:14:32','fake path 431','Tom tat 431',NULL),(432,3,'Tiêu đề bài báo 432',1,'Noi dung bai bao 432',500,1,0,'2021-07-27 23:14:32','fake path 432','Tom tat 432',7),(433,3,'Tiêu đề bài báo 433',2,'Noi dung bai bao 433',500,1,0,'2021-07-27 23:14:32','fake path 433','Tom tat 433',7),(434,3,'Tiêu đề bài báo 434',3,'Noi dung bai bao 434',500,1,0,'2021-07-27 23:14:32','fake path 434','Tom tat 434',NULL),(435,3,'Tiêu đề bài báo 435',4,'Noi dung bai bao 435',500,1,0,'2021-07-27 23:14:32','fake path 435','Tom tat 435',NULL),(436,3,'Tiêu đề bài báo 436',1,'Noi dung bai bao 436',500,1,0,'2021-07-27 23:14:32','fake path 436','Tom tat 436',2),(437,3,'Tiêu đề bài báo 437',2,'Noi dung bai bao 437',500,1,0,'2021-07-27 23:14:32','fake path 437','Tom tat 437',2),(438,3,'Tiêu đề bài báo 438',3,'Noi dung bai bao 438',500,1,0,'2021-07-27 23:14:32','fake path 438','Tom tat 438',NULL),(439,3,'Tiêu đề bài báo 439',4,'Noi dung bai bao 439',500,1,0,'2021-07-27 23:14:32','fake path 439','Tom tat 439',NULL),(440,3,'Tiêu đề bài báo 440',1,'Noi dung bai bao 440',500,1,0,'2021-07-27 23:14:32','fake path 440','Tom tat 440',2),(441,3,'Tiêu đề bài báo 441',2,'Noi dung bai bao 441',500,1,0,'2021-07-27 23:14:32','fake path 441','Tom tat 441',2),(442,3,'Tiêu đề bài báo 442',3,'Noi dung bai bao 442',500,1,0,'2021-07-27 23:14:32','fake path 442','Tom tat 442',NULL),(443,3,'Tiêu đề bài báo 443',4,'Noi dung bai bao 443',500,1,0,'2021-07-27 23:14:32','fake path 443','Tom tat 443',NULL),(444,3,'Tiêu đề bài báo 444',1,'Noi dung bai bao 444',500,1,0,'2021-07-27 23:14:32','fake path 444','Tom tat 444',7),(445,3,'Tiêu đề bài báo 445',2,'Noi dung bai bao 445',500,1,0,'2021-07-27 23:14:32','fake path 445','Tom tat 445',7),(446,3,'Tiêu đề bài báo 446',3,'Noi dung bai bao 446',500,1,0,'2021-07-27 23:14:32','fake path 446','Tom tat 446',NULL),(447,3,'Tiêu đề bài báo 447',4,'Noi dung bai bao 447',500,1,0,'2021-07-27 23:14:32','fake path 447','Tom tat 447',NULL),(448,3,'Tiêu đề bài báo 448',1,'Noi dung bai bao 448',500,1,0,'2021-07-27 23:14:32','fake path 448','Tom tat 448',7),(449,3,'Tiêu đề bài báo 449',2,'Noi dung bai bao 449',500,1,0,'2021-07-27 23:14:32','fake path 449','Tom tat 449',7),(450,3,'Tiêu đề bài báo 450',3,'Noi dung bai bao 450',500,1,0,'2021-07-27 23:14:32','fake path 450','Tom tat 450',NULL),(451,3,'Tiêu đề bài báo 451',4,'Noi dung bai bao 451',500,1,0,'2021-07-27 23:14:32','fake path 451','Tom tat 451',NULL),(452,3,'Tiêu đề bài báo 452',1,'Noi dung bai bao 452',500,1,0,'2021-07-27 23:14:32','fake path 452','Tom tat 452',2),(453,3,'Tiêu đề bài báo 453',2,'Noi dung bai bao 453',500,1,0,'2021-07-27 23:14:32','fake path 453','Tom tat 453',2),(454,3,'Tiêu đề bài báo 454',3,'Noi dung bai bao 454',500,1,0,'2021-07-27 23:14:32','fake path 454','Tom tat 454',NULL),(455,3,'Tiêu đề bài báo 455',4,'Noi dung bai bao 455',500,1,0,'2021-07-27 23:14:32','fake path 455','Tom tat 455',NULL),(456,3,'Tiêu đề bài báo 456',1,'Noi dung bai bao 456',500,1,0,'2021-07-27 23:14:32','fake path 456','Tom tat 456',2),(457,3,'Tiêu đề bài báo 457',2,'Noi dung bai bao 457',500,1,0,'2021-07-27 23:14:32','fake path 457','Tom tat 457',7),(458,3,'Tiêu đề bài báo 458',3,'Noi dung bai bao 458',500,1,0,'2021-07-27 23:14:32','fake path 458','Tom tat 458',NULL),(459,3,'Tiêu đề bài báo 459',4,'Noi dung bai bao 459',500,1,0,'2021-07-27 23:14:32','fake path 459','Tom tat 459',NULL),(460,3,'Tiêu đề bài báo 460',1,'Noi dung bai bao 460',500,1,0,'2021-07-27 23:14:32','fake path 460','Tom tat 460',7),(461,3,'Tiêu đề bài báo 461',2,'Noi dung bai bao 461',500,1,0,'2021-07-27 23:14:32','fake path 461','Tom tat 461',7),(462,3,'Tiêu đề bài báo 462',3,'Noi dung bai bao 462',500,1,0,'2021-07-27 23:14:32','fake path 462','Tom tat 462',NULL),(463,3,'Tiêu đề bài báo 463',4,'Noi dung bai bao 463',500,1,0,'2021-07-27 23:14:32','fake path 463','Tom tat 463',NULL),(464,3,'Tiêu đề bài báo 464',1,'Noi dung bai bao 464',500,1,0,'2021-07-27 23:14:32','fake path 464','Tom tat 464',7),(465,3,'Tiêu đề bài báo 465',2,'Noi dung bai bao 465',500,1,0,'2021-07-27 23:14:32','fake path 465','Tom tat 465',2),(466,3,'Tiêu đề bài báo 466',3,'Noi dung bai bao 466',500,1,0,'2021-07-27 23:14:32','fake path 466','Tom tat 466',NULL),(467,3,'Tiêu đề bài báo 467',4,'Noi dung bai bao 467',500,1,0,'2021-07-27 23:14:32','fake path 467','Tom tat 467',NULL),(468,3,'Tiêu đề bài báo 468',1,'Noi dung bai bao 468',500,1,0,'2021-07-27 23:14:32','fake path 468','Tom tat 468',2),(469,3,'Tiêu đề bài báo 469',2,'Noi dung bai bao 469',500,1,0,'2021-07-27 23:14:32','fake path 469','Tom tat 469',2),(470,3,'Tiêu đề bài báo 470',3,'Noi dung bai bao 470',500,1,0,'2021-07-27 23:14:32','fake path 470','Tom tat 470',NULL),(471,3,'Tiêu đề bài báo 471',4,'Noi dung bai bao 471',500,1,0,'2021-07-27 23:14:32','fake path 471','Tom tat 471',NULL),(472,3,'Tiêu đề bài báo 472',1,'Noi dung bai bao 472',500,1,0,'2021-07-27 23:14:32','fake path 472','Tom tat 472',7),(473,3,'Tiêu đề bài báo 473',2,'Noi dung bai bao 473',500,1,0,'2021-07-27 23:14:32','fake path 473','Tom tat 473',7),(474,3,'Tiêu đề bài báo 474',3,'Noi dung bai bao 474',500,1,0,'2021-07-27 23:14:32','fake path 474','Tom tat 474',NULL),(475,3,'Tiêu đề bài báo 475',4,'Noi dung bai bao 475',500,1,0,'2021-07-27 23:14:32','fake path 475','Tom tat 475',NULL),(476,3,'Tiêu đề bài báo 476',1,'Noi dung bai bao 476',500,1,0,'2021-07-27 23:14:32','fake path 476','Tom tat 476',7),(477,3,'Tiêu đề bài báo 477',2,'Noi dung bai bao 477',500,1,0,'2021-07-27 23:14:32','fake path 477','Tom tat 477',7),(478,3,'Tiêu đề bài báo 478',3,'Noi dung bai bao 478',500,1,0,'2021-07-27 23:14:32','fake path 478','Tom tat 478',NULL),(479,3,'Tiêu đề bài báo 479',4,'Noi dung bai bao 479',500,1,0,'2021-07-27 23:14:32','fake path 479','Tom tat 479',NULL),(480,3,'Tiêu đề bài báo 480',1,'Noi dung bai bao 480',500,1,0,'2021-07-27 23:14:32','fake path 480','Tom tat 480',2),(481,3,'Tiêu đề bài báo 481',2,'Noi dung bai bao 481',500,1,0,'2021-07-27 23:14:32','fake path 481','Tom tat 481',2),(482,3,'Tiêu đề bài báo 482',3,'Noi dung bai bao 482',500,1,0,'2021-07-27 23:14:32','fake path 482','Tom tat 482',NULL),(483,3,'Tiêu đề bài báo 483',4,'Noi dung bai bao 483',500,1,0,'2021-07-27 23:14:32','fake path 483','Tom tat 483',NULL),(484,3,'Tiêu đề bài báo 484',1,'Noi dung bai bao 484',500,1,0,'2021-07-27 23:14:32','fake path 484','Tom tat 484',2),(485,3,'Tiêu đề bài báo 485',2,'Noi dung bai bao 485',500,1,0,'2021-07-27 23:14:32','fake path 485','Tom tat 485',2),(486,3,'Tiêu đề bài báo 486',3,'Noi dung bai bao 486',500,1,0,'2021-07-27 23:14:32','fake path 486','Tom tat 486',NULL),(487,3,'Tiêu đề bài báo 487',4,'Noi dung bai bao 487',500,1,0,'2021-07-27 23:14:32','fake path 487','Tom tat 487',NULL),(488,3,'Tiêu đề bài báo 488',1,'Noi dung bai bao 488',500,1,0,'2021-07-27 23:14:32','fake path 488','Tom tat 488',7),(489,3,'Tiêu đề bài báo 489',2,'Noi dung bai bao 489',500,1,0,'2021-07-27 23:14:32','fake path 489','Tom tat 489',7),(490,3,'Tiêu đề bài báo 490',3,'Noi dung bai bao 490',500,1,0,'2021-07-27 23:14:32','fake path 490','Tom tat 490',NULL),(491,3,'Tiêu đề bài báo 491',4,'Noi dung bai bao 491',500,1,0,'2021-07-27 23:14:32','fake path 491','Tom tat 491',NULL),(492,3,'Tiêu đề bài báo 492',1,'Noi dung bai bao 492',500,1,0,'2021-07-27 23:14:32','fake path 492','Tom tat 492',7),(493,3,'Tiêu đề bài báo 493',2,'Noi dung bai bao 493',500,1,0,'2021-07-27 23:14:32','fake path 493','Tom tat 493',7),(494,3,'Tiêu đề bài báo 494',3,'Noi dung bai bao 494',500,1,0,'2021-07-27 23:14:32','fake path 494','Tom tat 494',NULL),(495,3,'Tiêu đề bài báo 495',4,'Noi dung bai bao 495',500,1,0,'2021-07-27 23:14:32','fake path 495','Tom tat 495',NULL),(496,3,'Tiêu đề bài báo 496',1,'Noi dung bai bao 496',500,1,0,'2021-07-27 23:14:32','fake path 496','Tom tat 496',2),(497,3,'Tiêu đề bài báo 497',2,'Noi dung bai bao 497',500,1,0,'2021-07-27 23:14:32','fake path 497','Tom tat 497',2),(498,3,'Tiêu đề bài báo 498',3,'Noi dung bai bao 498',500,1,0,'2021-07-27 23:14:32','fake path 498','Tom tat 498',NULL),(499,3,'Tiêu đề bài báo 499',4,'Noi dung bai bao 499',500,1,0,'2021-07-27 23:14:32','fake path 499','Tom tat 499',NULL),(500,3,'Tiêu đề bài báo 500',1,'Noi dung bai bao 500',500,1,0,'2021-07-27 23:14:32','fake path 500','Tom tat 500',2),(501,3,'Tiêu đề bài báo 501',2,'Noi dung bai bao 501',500,1,0,'2021-07-27 23:14:32','fake path 501','Tom tat 501',2),(502,3,'Tiêu đề bài báo 502',3,'Noi dung bai bao 502',500,1,0,'2021-07-27 23:14:32','fake path 502','Tom tat 502',NULL),(503,3,'Tiêu đề bài báo 503',4,'Noi dung bai bao 503',500,1,0,'2021-07-27 23:14:32','fake path 503','Tom tat 503',NULL),(504,3,'Tiêu đề bài báo 504',1,'Noi dung bai bao 504',500,1,0,'2021-07-27 23:14:32','fake path 504','Tom tat 504',7),(505,3,'Tiêu đề bài báo 505',2,'Noi dung bai bao 505',500,1,0,'2021-07-27 23:14:32','fake path 505','Tom tat 505',7),(506,3,'Tiêu đề bài báo 506',3,'Noi dung bai bao 506',500,1,0,'2021-07-27 23:14:32','fake path 506','Tom tat 506',NULL),(507,3,'Tiêu đề bài báo 507',4,'Noi dung bai bao 507',500,1,0,'2021-07-27 23:14:32','fake path 507','Tom tat 507',NULL),(508,3,'Tiêu đề bài báo 508',1,'Noi dung bai bao 508',500,1,0,'2021-07-27 23:14:32','fake path 508','Tom tat 508',7),(509,3,'Tiêu đề bài báo 509',2,'Noi dung bai bao 509',500,1,0,'2021-07-27 23:14:32','fake path 509','Tom tat 509',7),(510,3,'Tiêu đề bài báo 510',3,'Noi dung bai bao 510',500,1,0,'2021-07-27 23:14:32','fake path 510','Tom tat 510',NULL),(511,3,'Tiêu đề bài báo 511',4,'Noi dung bai bao 511',500,1,0,'2021-07-27 23:14:32','fake path 511','Tom tat 511',NULL),(512,3,'Tiêu đề bài báo 512',1,'Noi dung bai bao 512',500,1,0,'2021-07-27 23:14:32','fake path 512','Tom tat 512',2),(513,3,'Tiêu đề bài báo 513',2,'Noi dung bai bao 513',500,1,0,'2021-07-27 23:14:32','fake path 513','Tom tat 513',2),(514,3,'Tiêu đề bài báo 514',3,'Noi dung bai bao 514',500,1,0,'2021-07-27 23:14:32','fake path 514','Tom tat 514',NULL),(515,3,'Tiêu đề bài báo 515',4,'Noi dung bai bao 515',500,1,0,'2021-07-27 23:14:32','fake path 515','Tom tat 515',NULL),(516,3,'Tiêu đề bài báo 516',1,'Noi dung bai bao 516',500,1,0,'2021-07-27 23:14:32','fake path 516','Tom tat 516',2),(517,3,'Tiêu đề bài báo 517',2,'Noi dung bai bao 517',500,1,0,'2021-07-27 23:14:32','fake path 517','Tom tat 517',7),(518,3,'Tiêu đề bài báo 518',3,'Noi dung bai bao 518',500,1,0,'2021-07-27 23:14:32','fake path 518','Tom tat 518',NULL),(519,3,'Tiêu đề bài báo 519',4,'Noi dung bai bao 519',500,1,0,'2021-07-27 23:14:32','fake path 519','Tom tat 519',NULL),(520,3,'Tiêu đề bài báo 520',1,'Noi dung bai bao 520',500,1,0,'2021-07-27 23:14:32','fake path 520','Tom tat 520',7),(521,3,'Tiêu đề bài báo 521',2,'Noi dung bai bao 521',500,1,0,'2021-07-27 23:14:32','fake path 521','Tom tat 521',7),(522,3,'Tiêu đề bài báo 522',3,'Noi dung bai bao 522',500,1,0,'2021-07-27 23:14:32','fake path 522','Tom tat 522',NULL),(523,3,'Tiêu đề bài báo 523',4,'Noi dung bai bao 523',500,1,0,'2021-07-27 23:14:32','fake path 523','Tom tat 523',NULL),(524,3,'Tiêu đề bài báo 524',1,'Noi dung bai bao 524',500,1,0,'2021-07-27 23:14:32','fake path 524','Tom tat 524',7),(525,3,'Tiêu đề bài báo 525',2,'Noi dung bai bao 525',500,1,0,'2021-07-27 23:14:32','fake path 525','Tom tat 525',2),(526,3,'Tiêu đề bài báo 526',3,'Noi dung bai bao 526',500,1,0,'2021-07-27 23:14:32','fake path 526','Tom tat 526',NULL),(527,3,'Tiêu đề bài báo 527',4,'Noi dung bai bao 527',500,1,0,'2021-07-27 23:14:32','fake path 527','Tom tat 527',NULL),(528,3,'Tiêu đề bài báo 528',1,'Noi dung bai bao 528',500,1,0,'2021-07-27 23:14:32','fake path 528','Tom tat 528',2),(529,3,'Tiêu đề bài báo 529',2,'Noi dung bai bao 529',500,1,0,'2021-07-27 23:14:32','fake path 529','Tom tat 529',2),(530,3,'Tiêu đề bài báo 530',3,'Noi dung bai bao 530',500,1,0,'2021-07-27 23:14:32','fake path 530','Tom tat 530',NULL),(531,3,'Tiêu đề bài báo 531',4,'Noi dung bai bao 531',500,1,0,'2021-07-27 23:14:32','fake path 531','Tom tat 531',NULL),(532,3,'Tiêu đề bài báo 532',1,'Noi dung bai bao 532',500,1,0,'2021-07-27 23:14:32','fake path 532','Tom tat 532',7),(533,3,'Tiêu đề bài báo 533',2,'Noi dung bai bao 533',500,1,0,'2021-07-27 23:14:32','fake path 533','Tom tat 533',7),(534,3,'Tiêu đề bài báo 534',3,'Noi dung bai bao 534',500,1,0,'2021-07-27 23:14:32','fake path 534','Tom tat 534',NULL),(535,3,'Tiêu đề bài báo 535',4,'Noi dung bai bao 535',500,1,0,'2021-07-27 23:14:32','fake path 535','Tom tat 535',NULL),(536,3,'Tiêu đề bài báo 536',1,'Noi dung bai bao 536',500,1,0,'2021-07-27 23:14:32','fake path 536','Tom tat 536',7),(537,3,'Tiêu đề bài báo 537',2,'Noi dung bai bao 537',500,1,0,'2021-07-27 23:14:32','fake path 537','Tom tat 537',7),(538,3,'Tiêu đề bài báo 538',3,'Noi dung bai bao 538',500,1,0,'2021-07-27 23:14:32','fake path 538','Tom tat 538',NULL),(539,3,'Tiêu đề bài báo 539',4,'Noi dung bai bao 539',500,1,0,'2021-07-27 23:14:32','fake path 539','Tom tat 539',NULL),(540,3,'Tiêu đề bài báo 540',1,'Noi dung bai bao 540',500,1,0,'2021-07-27 23:14:32','fake path 540','Tom tat 540',2),(541,3,'Tiêu đề bài báo 541',2,'Noi dung bai bao 541',500,1,0,'2021-07-27 23:14:32','fake path 541','Tom tat 541',2),(542,3,'Tiêu đề bài báo 542',3,'Noi dung bai bao 542',500,1,0,'2021-07-27 23:14:32','fake path 542','Tom tat 542',NULL),(543,3,'Tiêu đề bài báo 543',4,'Noi dung bai bao 543',500,1,0,'2021-07-27 23:14:32','fake path 543','Tom tat 543',NULL),(544,3,'Tiêu đề bài báo 544',1,'Noi dung bai bao 544',500,1,0,'2021-07-27 23:14:32','fake path 544','Tom tat 544',2),(545,3,'Tiêu đề bài báo 545',2,'Noi dung bai bao 545',500,1,0,'2021-07-27 23:14:32','fake path 545','Tom tat 545',2),(546,3,'Tiêu đề bài báo 546',3,'Noi dung bai bao 546',500,1,0,'2021-07-27 23:14:32','fake path 546','Tom tat 546',NULL),(547,3,'Tiêu đề bài báo 547',4,'Noi dung bai bao 547',500,1,0,'2021-07-27 23:14:32','fake path 547','Tom tat 547',NULL),(548,3,'Tiêu đề bài báo 548',1,'Noi dung bai bao 548',500,1,0,'2021-07-27 23:14:32','fake path 548','Tom tat 548',7),(549,3,'Tiêu đề bài báo 549',2,'Noi dung bai bao 549',500,1,0,'2021-07-27 23:14:32','fake path 549','Tom tat 549',7),(550,3,'Tiêu đề bài báo 550',3,'Noi dung bai bao 550',500,1,0,'2021-07-27 23:14:32','fake path 550','Tom tat 550',NULL),(551,3,'Tiêu đề bài báo 551',4,'Noi dung bai bao 551',500,1,0,'2021-07-27 23:14:32','fake path 551','Tom tat 551',NULL),(552,3,'Tiêu đề bài báo 552',1,'Noi dung bai bao 552',500,1,0,'2021-07-27 23:14:32','fake path 552','Tom tat 552',7),(553,3,'Tiêu đề bài báo 553',2,'Noi dung bai bao 553',500,1,0,'2021-07-27 23:14:32','fake path 553','Tom tat 553',7),(554,3,'Tiêu đề bài báo 554',3,'Noi dung bai bao 554',500,1,0,'2021-07-27 23:14:32','fake path 554','Tom tat 554',NULL),(555,3,'Tiêu đề bài báo 555',4,'Noi dung bai bao 555',500,1,0,'2021-07-27 23:14:32','fake path 555','Tom tat 555',NULL),(556,3,'Tiêu đề bài báo 556',1,'Noi dung bai bao 556',500,1,0,'2021-07-27 23:14:32','fake path 556','Tom tat 556',2),(557,3,'Tiêu đề bài báo 557',2,'Noi dung bai bao 557',500,1,0,'2021-07-27 23:14:32','fake path 557','Tom tat 557',2),(558,3,'Tiêu đề bài báo 558',3,'Noi dung bai bao 558',500,1,0,'2021-07-27 23:14:32','fake path 558','Tom tat 558',NULL),(559,3,'Tiêu đề bài báo 559',4,'Noi dung bai bao 559',500,1,0,'2021-07-27 23:14:32','fake path 559','Tom tat 559',NULL),(560,3,'Tiêu đề bài báo 560',1,'Noi dung bai bao 560',500,1,0,'2021-07-27 23:14:32','fake path 560','Tom tat 560',2),(561,3,'Tiêu đề bài báo 561',2,'Noi dung bai bao 561',500,1,0,'2021-07-27 23:14:32','fake path 561','Tom tat 561',2),(562,3,'Tiêu đề bài báo 562',3,'Noi dung bai bao 562',500,1,0,'2021-07-27 23:14:32','fake path 562','Tom tat 562',NULL),(563,3,'Tiêu đề bài báo 563',4,'Noi dung bai bao 563',500,1,0,'2021-07-27 23:14:32','fake path 563','Tom tat 563',NULL),(564,3,'Tiêu đề bài báo 564',1,'Noi dung bai bao 564',500,1,0,'2021-07-27 23:14:32','fake path 564','Tom tat 564',7),(565,3,'Tiêu đề bài báo 565',2,'Noi dung bai bao 565',500,1,0,'2021-07-27 23:14:32','fake path 565','Tom tat 565',7),(566,3,'Tiêu đề bài báo 566',3,'Noi dung bai bao 566',500,1,0,'2021-07-27 23:14:32','fake path 566','Tom tat 566',NULL),(567,3,'Tiêu đề bài báo 567',4,'Noi dung bai bao 567',500,1,0,'2021-07-27 23:14:32','fake path 567','Tom tat 567',NULL),(568,3,'Tiêu đề bài báo 568',1,'Noi dung bai bao 568',500,1,0,'2021-07-27 23:14:32','fake path 568','Tom tat 568',7),(569,3,'Tiêu đề bài báo 569',2,'Noi dung bai bao 569',500,1,0,'2021-07-27 23:14:32','fake path 569','Tom tat 569',7),(570,3,'Tiêu đề bài báo 570',3,'Noi dung bai bao 570',500,1,0,'2021-07-27 23:14:32','fake path 570','Tom tat 570',NULL),(571,3,'Tiêu đề bài báo 571',4,'Noi dung bai bao 571',500,1,0,'2021-07-27 23:14:32','fake path 571','Tom tat 571',NULL),(572,3,'Tiêu đề bài báo 572',1,'Noi dung bai bao 572',500,1,0,'2021-07-27 23:14:32','fake path 572','Tom tat 572',2),(573,3,'Tiêu đề bài báo 573',2,'Noi dung bai bao 573',500,1,0,'2021-07-27 23:14:32','fake path 573','Tom tat 573',2),(574,3,'Tiêu đề bài báo 574',3,'Noi dung bai bao 574',500,1,0,'2021-07-27 23:14:32','fake path 574','Tom tat 574',NULL),(575,3,'Tiêu đề bài báo 575',4,'Noi dung bai bao 575',500,1,0,'2021-07-27 23:14:32','fake path 575','Tom tat 575',NULL),(576,3,'Tiêu đề bài báo 576',1,'Noi dung bai bao 576',500,1,0,'2021-07-27 23:14:32','fake path 576','Tom tat 576',2),(577,3,'Tiêu đề bài báo 577',2,'Noi dung bai bao 577',500,1,0,'2021-07-27 23:14:32','fake path 577','Tom tat 577',7),(578,3,'Tiêu đề bài báo 578',3,'Noi dung bai bao 578',500,1,0,'2021-07-27 23:14:32','fake path 578','Tom tat 578',NULL),(579,3,'Tiêu đề bài báo 579',4,'Noi dung bai bao 579',500,1,0,'2021-07-27 23:14:32','fake path 579','Tom tat 579',NULL),(580,3,'Tiêu đề bài báo 580',1,'Noi dung bai bao 580',500,1,0,'2021-07-27 23:14:32','fake path 580','Tom tat 580',7),(581,3,'Tiêu đề bài báo 581',2,'Noi dung bai bao 581',500,1,0,'2021-07-27 23:14:32','fake path 581','Tom tat 581',7),(582,3,'Tiêu đề bài báo 582',3,'Noi dung bai bao 582',500,1,0,'2021-07-27 23:14:32','fake path 582','Tom tat 582',NULL),(583,3,'Tiêu đề bài báo 583',4,'Noi dung bai bao 583',500,1,0,'2021-07-27 23:14:32','fake path 583','Tom tat 583',NULL),(584,3,'Tiêu đề bài báo 584',1,'Noi dung bai bao 584',500,1,0,'2021-07-27 23:14:32','fake path 584','Tom tat 584',7),(585,3,'Tiêu đề bài báo 585',2,'Noi dung bai bao 585',500,1,0,'2021-07-27 23:14:32','fake path 585','Tom tat 585',2),(586,3,'Tiêu đề bài báo 586',3,'Noi dung bai bao 586',500,1,0,'2021-07-27 23:14:32','fake path 586','Tom tat 586',NULL),(587,3,'Tiêu đề bài báo 587',4,'Noi dung bai bao 587',500,1,0,'2021-07-27 23:14:32','fake path 587','Tom tat 587',NULL),(588,3,'Tiêu đề bài báo 588',1,'Noi dung bai bao 588',500,1,0,'2021-07-27 23:14:32','fake path 588','Tom tat 588',2),(589,3,'Tiêu đề bài báo 589',2,'Noi dung bai bao 589',500,1,0,'2021-07-27 23:14:32','fake path 589','Tom tat 589',2),(590,3,'Tiêu đề bài báo 590',3,'Noi dung bai bao 590',500,1,0,'2021-07-27 23:14:32','fake path 590','Tom tat 590',NULL),(591,3,'Tiêu đề bài báo 591',4,'Noi dung bai bao 591',500,1,0,'2021-07-27 23:14:32','fake path 591','Tom tat 591',NULL),(592,3,'Tiêu đề bài báo 592',1,'Noi dung bai bao 592',500,1,0,'2021-07-27 23:14:32','fake path 592','Tom tat 592',7),(593,3,'Tiêu đề bài báo 593',2,'Noi dung bai bao 593',500,1,0,'2021-07-27 23:14:32','fake path 593','Tom tat 593',7),(594,3,'Tiêu đề bài báo 594',3,'Noi dung bai bao 594',500,1,0,'2021-07-27 23:14:32','fake path 594','Tom tat 594',NULL),(595,3,'Tiêu đề bài báo 595',4,'Noi dung bai bao 595',500,1,0,'2021-07-27 23:14:32','fake path 595','Tom tat 595',NULL),(596,3,'Tiêu đề bài báo 596',1,'Noi dung bai bao 596',500,1,0,'2021-07-27 23:14:32','fake path 596','Tom tat 596',7),(597,3,'Tiêu đề bài báo 597',2,'Noi dung bai bao 597',500,1,0,'2021-07-27 23:14:32','fake path 597','Tom tat 597',7),(598,3,'Tiêu đề bài báo 598',3,'Noi dung bai bao 598',500,1,0,'2021-07-27 23:14:32','fake path 598','Tom tat 598',NULL),(599,3,'Tiêu đề bài báo 599',4,'Noi dung bai bao 599',500,1,0,'2021-07-27 23:14:32','fake path 599','Tom tat 599',NULL),(600,3,'Tiêu đề bài báo 600',1,'Noi dung bai bao 600',500,1,0,'2021-07-27 23:14:32','fake path 600','Tom tat 600',2),(601,3,'Tiêu đề bài báo 601',2,'Noi dung bai bao 601',500,1,0,'2021-07-27 23:14:32','fake path 601','Tom tat 601',2),(602,3,'Tiêu đề bài báo 602',3,'Noi dung bai bao 602',500,1,0,'2021-07-27 23:14:32','fake path 602','Tom tat 602',NULL),(603,3,'Tiêu đề bài báo 603',4,'Noi dung bai bao 603',500,1,0,'2021-07-27 23:14:32','fake path 603','Tom tat 603',NULL),(604,3,'Tiêu đề bài báo 604',1,'Noi dung bai bao 604',500,1,0,'2021-07-27 23:14:32','fake path 604','Tom tat 604',2),(605,3,'Tiêu đề bài báo 605',2,'Noi dung bai bao 605',500,1,0,'2021-07-27 23:14:32','fake path 605','Tom tat 605',2),(606,3,'Tiêu đề bài báo 606',3,'Noi dung bai bao 606',500,1,0,'2021-07-27 23:14:32','fake path 606','Tom tat 606',NULL),(607,3,'Tiêu đề bài báo 607',4,'Noi dung bai bao 607',500,1,0,'2021-07-27 23:14:32','fake path 607','Tom tat 607',NULL),(608,3,'Tiêu đề bài báo 608',1,'Noi dung bai bao 608',500,1,0,'2021-07-27 23:14:32','fake path 608','Tom tat 608',7),(609,3,'Tiêu đề bài báo 609',2,'Noi dung bai bao 609',500,1,0,'2021-07-27 23:14:32','fake path 609','Tom tat 609',7),(610,3,'Tiêu đề bài báo 610',3,'Noi dung bai bao 610',500,1,0,'2021-07-27 23:14:32','fake path 610','Tom tat 610',NULL),(611,3,'Tiêu đề bài báo 611',4,'Noi dung bai bao 611',500,1,0,'2021-07-27 23:14:32','fake path 611','Tom tat 611',NULL),(612,3,'Tiêu đề bài báo 612',1,'Noi dung bai bao 612',500,1,0,'2021-07-27 23:14:32','fake path 612','Tom tat 612',7),(613,3,'Tiêu đề bài báo 613',2,'Noi dung bai bao 613',500,1,0,'2021-07-27 23:14:32','fake path 613','Tom tat 613',7),(614,3,'Tiêu đề bài báo 614',3,'Noi dung bai bao 614',500,1,0,'2021-07-27 23:14:32','fake path 614','Tom tat 614',NULL),(615,3,'Tiêu đề bài báo 615',4,'Noi dung bai bao 615',500,1,0,'2021-07-27 23:14:32','fake path 615','Tom tat 615',NULL),(616,3,'Tiêu đề bài báo 616',1,'Noi dung bai bao 616',500,1,0,'2021-07-27 23:14:32','fake path 616','Tom tat 616',2),(617,3,'Tiêu đề bài báo 617',2,'Noi dung bai bao 617',500,1,0,'2021-07-27 23:14:32','fake path 617','Tom tat 617',2),(618,3,'Tiêu đề bài báo 618',3,'Noi dung bai bao 618',500,1,0,'2021-07-27 23:14:32','fake path 618','Tom tat 618',NULL),(619,3,'Tiêu đề bài báo 619',4,'Noi dung bai bao 619',500,1,0,'2021-07-27 23:14:32','fake path 619','Tom tat 619',NULL),(620,3,'Tiêu đề bài báo 620',1,'Noi dung bai bao 620',500,1,0,'2021-07-27 23:14:32','fake path 620','Tom tat 620',2),(621,3,'Tiêu đề bài báo 621',2,'Noi dung bai bao 621',500,1,0,'2021-07-27 23:14:32','fake path 621','Tom tat 621',2),(622,3,'Tiêu đề bài báo 622',3,'Noi dung bai bao 622',500,1,0,'2021-07-27 23:14:32','fake path 622','Tom tat 622',NULL),(623,3,'Tiêu đề bài báo 623',4,'Noi dung bai bao 623',500,1,0,'2021-07-27 23:14:32','fake path 623','Tom tat 623',NULL),(624,3,'Tiêu đề bài báo 624',1,'Noi dung bai bao 624',500,1,0,'2021-07-27 23:14:32','fake path 624','Tom tat 624',7),(625,3,'Tiêu đề bài báo 625',2,'Noi dung bai bao 625',500,1,0,'2021-07-27 23:14:32','fake path 625','Tom tat 625',7),(626,3,'Tiêu đề bài báo 626',3,'Noi dung bai bao 626',500,1,0,'2021-07-27 23:14:32','fake path 626','Tom tat 626',NULL),(627,3,'Tiêu đề bài báo 627',4,'Noi dung bai bao 627',500,1,0,'2021-07-27 23:14:32','fake path 627','Tom tat 627',NULL),(628,3,'Tiêu đề bài báo 628',1,'Noi dung bai bao 628',500,1,0,'2021-07-27 23:14:32','fake path 628','Tom tat 628',7),(629,3,'Tiêu đề bài báo 629',2,'Noi dung bai bao 629',500,1,0,'2021-07-27 23:14:32','fake path 629','Tom tat 629',7),(630,3,'Tiêu đề bài báo 630',3,'Noi dung bai bao 630',500,1,0,'2021-07-27 23:14:32','fake path 630','Tom tat 630',NULL),(631,3,'Tiêu đề bài báo 631',4,'Noi dung bai bao 631',500,1,0,'2021-07-27 23:14:32','fake path 631','Tom tat 631',NULL),(632,3,'Tiêu đề bài báo 632',1,'Noi dung bai bao 632',500,1,0,'2021-07-27 23:14:32','fake path 632','Tom tat 632',2),(633,3,'Tiêu đề bài báo 633',2,'Noi dung bai bao 633',500,1,0,'2021-07-27 23:14:32','fake path 633','Tom tat 633',2),(634,3,'Tiêu đề bài báo 634',3,'Noi dung bai bao 634',500,1,0,'2021-07-27 23:14:32','fake path 634','Tom tat 634',NULL),(635,3,'Tiêu đề bài báo 635',4,'Noi dung bai bao 635',500,1,0,'2021-07-27 23:14:32','fake path 635','Tom tat 635',NULL),(636,3,'Tiêu đề bài báo 636',1,'Noi dung bai bao 636',500,1,0,'2021-07-27 23:14:32','fake path 636','Tom tat 636',2),(637,3,'Tiêu đề bài báo 637',2,'Noi dung bai bao 637',500,1,0,'2021-07-27 23:14:32','fake path 637','Tom tat 637',7),(638,3,'Tiêu đề bài báo 638',3,'Noi dung bai bao 638',500,1,0,'2021-07-27 23:14:32','fake path 638','Tom tat 638',NULL),(639,3,'Tiêu đề bài báo 639',4,'Noi dung bai bao 639',500,1,0,'2021-07-27 23:14:32','fake path 639','Tom tat 639',NULL),(640,3,'Tiêu đề bài báo 640',1,'Noi dung bai bao 640',500,1,0,'2021-07-27 23:14:32','fake path 640','Tom tat 640',7),(641,3,'Tiêu đề bài báo 641',2,'Noi dung bai bao 641',500,1,0,'2021-07-27 23:14:32','fake path 641','Tom tat 641',7),(642,3,'Tiêu đề bài báo 642',3,'Noi dung bai bao 642',500,1,0,'2021-07-27 23:14:32','fake path 642','Tom tat 642',NULL),(643,3,'Tiêu đề bài báo 643',4,'Noi dung bai bao 643',500,1,0,'2021-07-27 23:14:32','fake path 643','Tom tat 643',NULL),(644,3,'Tiêu đề bài báo 644',1,'Noi dung bai bao 644',500,1,0,'2021-07-27 23:14:32','fake path 644','Tom tat 644',7),(645,3,'Tiêu đề bài báo 645',2,'Noi dung bai bao 645',500,1,0,'2021-07-27 23:14:32','fake path 645','Tom tat 645',2),(646,3,'Tiêu đề bài báo 646',3,'Noi dung bai bao 646',500,1,0,'2021-07-27 23:14:32','fake path 646','Tom tat 646',NULL),(647,3,'Tiêu đề bài báo 647',4,'Noi dung bai bao 647',500,1,0,'2021-07-27 23:14:32','fake path 647','Tom tat 647',NULL),(648,3,'Tiêu đề bài báo 648',1,'Noi dung bai bao 648',500,1,0,'2021-07-27 23:14:32','fake path 648','Tom tat 648',2),(649,3,'Tiêu đề bài báo 649',2,'Noi dung bai bao 649',500,1,0,'2021-07-27 23:14:32','fake path 649','Tom tat 649',2),(650,3,'Tiêu đề bài báo 650',3,'Noi dung bai bao 650',500,1,0,'2021-07-27 23:14:32','fake path 650','Tom tat 650',NULL),(651,3,'Tiêu đề bài báo 651',4,'Noi dung bai bao 651',500,1,0,'2021-07-27 23:14:32','fake path 651','Tom tat 651',NULL),(652,3,'Tiêu đề bài báo 652',1,'Noi dung bai bao 652',500,1,0,'2021-07-27 23:14:32','fake path 652','Tom tat 652',7),(653,3,'Tiêu đề bài báo 653',2,'Noi dung bai bao 653',500,1,0,'2021-07-27 23:14:32','fake path 653','Tom tat 653',7),(654,3,'Tiêu đề bài báo 654',3,'Noi dung bai bao 654',500,1,0,'2021-07-27 23:14:32','fake path 654','Tom tat 654',NULL),(655,3,'Tiêu đề bài báo 655',4,'Noi dung bai bao 655',500,1,0,'2021-07-27 23:14:32','fake path 655','Tom tat 655',NULL),(656,3,'Tiêu đề bài báo 656',1,'Noi dung bai bao 656',500,1,0,'2021-07-27 23:14:32','fake path 656','Tom tat 656',7),(657,3,'Tiêu đề bài báo 657',2,'Noi dung bai bao 657',500,1,0,'2021-07-27 23:14:32','fake path 657','Tom tat 657',7),(658,3,'Tiêu đề bài báo 658',3,'Noi dung bai bao 658',500,1,0,'2021-07-27 23:14:32','fake path 658','Tom tat 658',NULL),(659,3,'Tiêu đề bài báo 659',4,'Noi dung bai bao 659',500,1,0,'2021-07-27 23:14:32','fake path 659','Tom tat 659',NULL),(660,3,'Tiêu đề bài báo 660',1,'Noi dung bai bao 660',500,1,0,'2021-07-27 23:14:32','fake path 660','Tom tat 660',2),(661,3,'Tiêu đề bài báo 661',2,'Noi dung bai bao 661',500,1,0,'2021-07-27 23:14:32','fake path 661','Tom tat 661',2),(662,3,'Tiêu đề bài báo 662',3,'Noi dung bai bao 662',500,1,0,'2021-07-27 23:14:32','fake path 662','Tom tat 662',NULL),(663,3,'Tiêu đề bài báo 663',4,'Noi dung bai bao 663',500,1,0,'2021-07-27 23:14:32','fake path 663','Tom tat 663',NULL),(664,3,'Tiêu đề bài báo 664',1,'Noi dung bai bao 664',500,1,0,'2021-07-27 23:14:32','fake path 664','Tom tat 664',2),(665,3,'Tiêu đề bài báo 665',2,'Noi dung bai bao 665',500,1,0,'2021-07-27 23:14:32','fake path 665','Tom tat 665',2),(666,3,'Tiêu đề bài báo 666',3,'Noi dung bai bao 666',500,1,0,'2021-07-27 23:14:32','fake path 666','Tom tat 666',NULL),(667,3,'Tiêu đề bài báo 667',4,'Noi dung bai bao 667',500,1,0,'2021-07-27 23:14:32','fake path 667','Tom tat 667',NULL),(668,3,'Tiêu đề bài báo 668',1,'Noi dung bai bao 668',500,1,0,'2021-07-27 23:14:32','fake path 668','Tom tat 668',7),(669,3,'Tiêu đề bài báo 669',2,'Noi dung bai bao 669',500,1,0,'2021-07-27 23:14:32','fake path 669','Tom tat 669',7),(670,3,'Tiêu đề bài báo 670',3,'Noi dung bai bao 670',500,1,0,'2021-07-27 23:14:32','fake path 670','Tom tat 670',NULL),(671,3,'Tiêu đề bài báo 671',4,'Noi dung bai bao 671',500,1,0,'2021-07-27 23:14:32','fake path 671','Tom tat 671',NULL),(672,3,'Tiêu đề bài báo 672',1,'Noi dung bai bao 672',500,1,0,'2021-07-27 23:14:32','fake path 672','Tom tat 672',7),(673,3,'Tiêu đề bài báo 673',2,'Noi dung bai bao 673',500,1,0,'2021-07-27 23:14:32','fake path 673','Tom tat 673',7),(674,3,'Tiêu đề bài báo 674',3,'Noi dung bai bao 674',500,1,0,'2021-07-27 23:14:32','fake path 674','Tom tat 674',NULL),(675,3,'Tiêu đề bài báo 675',4,'Noi dung bai bao 675',500,1,0,'2021-07-27 23:14:32','fake path 675','Tom tat 675',NULL),(676,3,'Tiêu đề bài báo 676',1,'Noi dung bai bao 676',500,1,0,'2021-07-27 23:14:32','fake path 676','Tom tat 676',2),(677,3,'Tiêu đề bài báo 677',2,'Noi dung bai bao 677',500,1,0,'2021-07-27 23:14:32','fake path 677','Tom tat 677',2),(678,3,'Tiêu đề bài báo 678',3,'Noi dung bai bao 678',500,1,0,'2021-07-27 23:14:32','fake path 678','Tom tat 678',NULL),(679,3,'Tiêu đề bài báo 679',4,'Noi dung bai bao 679',500,1,0,'2021-07-27 23:14:32','fake path 679','Tom tat 679',NULL),(680,3,'Tiêu đề bài báo 680',1,'Noi dung bai bao 680',500,1,0,'2021-07-27 23:14:32','fake path 680','Tom tat 680',2),(681,3,'Tiêu đề bài báo 681',2,'Noi dung bai bao 681',500,1,0,'2021-07-27 23:14:32','fake path 681','Tom tat 681',2),(682,3,'Tiêu đề bài báo 682',3,'Noi dung bai bao 682',500,1,0,'2021-07-27 23:14:32','fake path 682','Tom tat 682',NULL),(683,3,'Tiêu đề bài báo 683',4,'Noi dung bai bao 683',500,1,0,'2021-07-27 23:14:32','fake path 683','Tom tat 683',NULL),(684,3,'Tiêu đề bài báo 684',1,'Noi dung bai bao 684',500,1,0,'2021-07-27 23:14:32','fake path 684','Tom tat 684',7),(685,3,'Tiêu đề bài báo 685',2,'Noi dung bai bao 685',500,1,0,'2021-07-27 23:14:32','fake path 685','Tom tat 685',7),(686,3,'Tiêu đề bài báo 686',3,'Noi dung bai bao 686',500,1,0,'2021-07-27 23:14:32','fake path 686','Tom tat 686',NULL),(687,3,'Tiêu đề bài báo 687',4,'Noi dung bai bao 687',500,1,0,'2021-07-27 23:14:32','fake path 687','Tom tat 687',NULL),(688,3,'Tiêu đề bài báo 688',1,'Noi dung bai bao 688',500,1,0,'2021-07-27 23:14:32','fake path 688','Tom tat 688',7),(689,3,'Tiêu đề bài báo 689',2,'Noi dung bai bao 689',500,1,0,'2021-07-27 23:14:32','fake path 689','Tom tat 689',7),(690,3,'Tiêu đề bài báo 690',3,'Noi dung bai bao 690',500,1,0,'2021-07-27 23:14:32','fake path 690','Tom tat 690',NULL),(691,3,'Tiêu đề bài báo 691',4,'Noi dung bai bao 691',500,1,0,'2021-07-27 23:14:32','fake path 691','Tom tat 691',NULL),(692,3,'Tiêu đề bài báo 692',1,'Noi dung bai bao 692',500,1,0,'2021-07-27 23:14:32','fake path 692','Tom tat 692',2),(693,3,'Tiêu đề bài báo 693',2,'Noi dung bai bao 693',500,1,0,'2021-07-27 23:14:32','fake path 693','Tom tat 693',2),(694,3,'Tiêu đề bài báo 694',3,'Noi dung bai bao 694',500,1,0,'2021-07-27 23:14:32','fake path 694','Tom tat 694',NULL),(695,3,'Tiêu đề bài báo 695',4,'Noi dung bai bao 695',500,1,0,'2021-07-27 23:14:32','fake path 695','Tom tat 695',NULL),(696,3,'Tiêu đề bài báo 696',1,'Noi dung bai bao 696',500,1,0,'2021-07-27 23:14:32','fake path 696','Tom tat 696',2),(697,3,'Tiêu đề bài báo 697',2,'Noi dung bai bao 697',500,1,0,'2021-07-27 23:14:32','fake path 697','Tom tat 697',7),(698,3,'Tiêu đề bài báo 698',3,'Noi dung bai bao 698',500,1,0,'2021-07-27 23:14:32','fake path 698','Tom tat 698',NULL),(699,3,'Tiêu đề bài báo 699',4,'Noi dung bai bao 699',500,1,0,'2021-07-27 23:14:32','fake path 699','Tom tat 699',NULL),(700,3,'Tiêu đề bài báo 700',1,'Noi dung bai bao 700',500,1,0,'2021-07-27 23:14:32','fake path 700','Tom tat 700',7),(701,3,'Tiêu đề bài báo 701',2,'Noi dung bai bao 701',500,1,0,'2021-07-27 23:14:32','fake path 701','Tom tat 701',7),(702,3,'Tiêu đề bài báo 702',3,'Noi dung bai bao 702',500,1,0,'2021-07-27 23:14:32','fake path 702','Tom tat 702',NULL),(703,3,'Tiêu đề bài báo 703',4,'Noi dung bai bao 703',500,1,0,'2021-07-27 23:14:32','fake path 703','Tom tat 703',NULL),(704,3,'Tiêu đề bài báo 704',1,'Noi dung bai bao 704',500,1,0,'2021-07-27 23:14:32','fake path 704','Tom tat 704',7),(705,3,'Tiêu đề bài báo 705',2,'Noi dung bai bao 705',500,1,0,'2021-07-27 23:14:32','fake path 705','Tom tat 705',2),(706,3,'Tiêu đề bài báo 706',3,'Noi dung bai bao 706',500,1,0,'2021-07-27 23:14:32','fake path 706','Tom tat 706',NULL),(707,3,'Tiêu đề bài báo 707',4,'Noi dung bai bao 707',500,1,0,'2021-07-27 23:14:32','fake path 707','Tom tat 707',NULL),(708,3,'Tiêu đề bài báo 708',1,'Noi dung bai bao 708',500,1,0,'2021-07-27 23:14:32','fake path 708','Tom tat 708',2),(709,3,'Tiêu đề bài báo 709',2,'Noi dung bai bao 709',500,1,0,'2021-07-27 23:14:32','fake path 709','Tom tat 709',2),(710,3,'Tiêu đề bài báo 710',3,'Noi dung bai bao 710',500,1,0,'2021-07-27 23:14:32','fake path 710','Tom tat 710',NULL),(711,3,'Tiêu đề bài báo 711',4,'Noi dung bai bao 711',500,1,0,'2021-07-27 23:14:32','fake path 711','Tom tat 711',NULL),(712,3,'Tiêu đề bài báo 712',1,'Noi dung bai bao 712',500,1,0,'2021-07-27 23:14:32','fake path 712','Tom tat 712',7),(713,3,'Tiêu đề bài báo 713',2,'Noi dung bai bao 713',500,1,0,'2021-07-27 23:14:32','fake path 713','Tom tat 713',7),(714,3,'Tiêu đề bài báo 714',3,'Noi dung bai bao 714',500,1,0,'2021-07-27 23:14:32','fake path 714','Tom tat 714',NULL),(715,3,'Tiêu đề bài báo 715',4,'Noi dung bai bao 715',500,1,0,'2021-07-27 23:14:32','fake path 715','Tom tat 715',NULL),(716,3,'Tiêu đề bài báo 716',1,'Noi dung bai bao 716',500,1,0,'2021-07-27 23:14:32','fake path 716','Tom tat 716',7),(717,3,'Tiêu đề bài báo 717',2,'Noi dung bai bao 717',500,1,0,'2021-07-27 23:14:32','fake path 717','Tom tat 717',7),(718,3,'Tiêu đề bài báo 718',3,'Noi dung bai bao 718',500,1,0,'2021-07-27 23:14:32','fake path 718','Tom tat 718',NULL),(719,3,'Tiêu đề bài báo 719',4,'Noi dung bai bao 719',500,1,0,'2021-07-27 23:14:32','fake path 719','Tom tat 719',NULL),(720,3,'Tiêu đề bài báo 720',1,'Noi dung bai bao 720',500,1,0,'2021-07-27 23:14:32','fake path 720','Tom tat 720',2),(721,3,'Tiêu đề bài báo 721',2,'Noi dung bai bao 721',500,1,0,'2021-07-27 23:14:32','fake path 721','Tom tat 721',2),(722,3,'Tiêu đề bài báo 722',3,'Noi dung bai bao 722',500,1,0,'2021-07-27 23:14:32','fake path 722','Tom tat 722',NULL),(723,3,'Tiêu đề bài báo 723',4,'Noi dung bai bao 723',500,1,0,'2021-07-27 23:14:32','fake path 723','Tom tat 723',NULL),(724,3,'Tiêu đề bài báo 724',1,'Noi dung bai bao 724',500,1,0,'2021-07-27 23:14:32','fake path 724','Tom tat 724',2),(725,3,'Tiêu đề bài báo 725',2,'Noi dung bai bao 725',500,1,0,'2021-07-27 23:14:32','fake path 725','Tom tat 725',2),(726,3,'Tiêu đề bài báo 726',3,'Noi dung bai bao 726',500,1,0,'2021-07-27 23:14:32','fake path 726','Tom tat 726',NULL),(727,3,'Tiêu đề bài báo 727',4,'Noi dung bai bao 727',500,1,0,'2021-07-27 23:14:32','fake path 727','Tom tat 727',NULL),(728,3,'Tiêu đề bài báo 728',1,'Noi dung bai bao 728',500,1,0,'2021-07-27 23:14:32','fake path 728','Tom tat 728',7),(729,3,'Tiêu đề bài báo 729',2,'Noi dung bai bao 729',500,1,0,'2021-07-27 23:14:32','fake path 729','Tom tat 729',7),(730,3,'Tiêu đề bài báo 730',3,'Noi dung bai bao 730',500,1,0,'2021-07-27 23:14:32','fake path 730','Tom tat 730',NULL),(731,3,'Tiêu đề bài báo 731',4,'Noi dung bai bao 731',500,1,0,'2021-07-27 23:14:32','fake path 731','Tom tat 731',NULL),(732,3,'Tiêu đề bài báo 732',1,'Noi dung bai bao 732',500,1,0,'2021-07-27 23:14:32','fake path 732','Tom tat 732',7),(733,3,'Tiêu đề bài báo 733',2,'Noi dung bai bao 733',500,1,0,'2021-07-27 23:14:32','fake path 733','Tom tat 733',7),(734,3,'Tiêu đề bài báo 734',3,'Noi dung bai bao 734',500,1,0,'2021-07-27 23:14:32','fake path 734','Tom tat 734',NULL),(735,3,'Tiêu đề bài báo 735',4,'Noi dung bai bao 735',500,1,0,'2021-07-27 23:14:32','fake path 735','Tom tat 735',NULL),(736,3,'Tiêu đề bài báo 736',1,'Noi dung bai bao 736',500,1,0,'2021-07-27 23:14:32','fake path 736','Tom tat 736',2),(737,3,'Tiêu đề bài báo 737',2,'Noi dung bai bao 737',500,1,0,'2021-07-27 23:14:32','fake path 737','Tom tat 737',2),(738,3,'Tiêu đề bài báo 738',3,'Noi dung bai bao 738',500,1,0,'2021-07-27 23:14:32','fake path 738','Tom tat 738',NULL),(739,3,'Tiêu đề bài báo 739',4,'Noi dung bai bao 739',500,1,0,'2021-07-27 23:14:32','fake path 739','Tom tat 739',NULL),(740,3,'Tiêu đề bài báo 740',1,'Noi dung bai bao 740',500,1,0,'2021-07-27 23:14:32','fake path 740','Tom tat 740',2),(741,3,'Tiêu đề bài báo 741',2,'Noi dung bai bao 741',500,1,0,'2021-07-27 23:14:32','fake path 741','Tom tat 741',2),(742,3,'Tiêu đề bài báo 742',3,'Noi dung bai bao 742',500,1,0,'2021-07-27 23:14:32','fake path 742','Tom tat 742',NULL),(743,3,'Tiêu đề bài báo 743',4,'Noi dung bai bao 743',500,1,0,'2021-07-27 23:14:32','fake path 743','Tom tat 743',NULL),(744,3,'Tiêu đề bài báo 744',1,'Noi dung bai bao 744',500,1,0,'2021-07-27 23:14:32','fake path 744','Tom tat 744',7),(745,3,'Tiêu đề bài báo 745',2,'Noi dung bai bao 745',500,1,0,'2021-07-27 23:14:32','fake path 745','Tom tat 745',7),(746,3,'Tiêu đề bài báo 746',3,'Noi dung bai bao 746',500,1,0,'2021-07-27 23:14:32','fake path 746','Tom tat 746',NULL),(747,3,'Tiêu đề bài báo 747',4,'Noi dung bai bao 747',500,1,0,'2021-07-27 23:14:32','fake path 747','Tom tat 747',NULL),(748,3,'Tiêu đề bài báo 748',1,'Noi dung bai bao 748',500,1,0,'2021-07-27 23:14:32','fake path 748','Tom tat 748',7),(749,3,'Tiêu đề bài báo 749',2,'Noi dung bai bao 749',500,1,0,'2021-07-27 23:14:32','fake path 749','Tom tat 749',7),(750,3,'Tiêu đề bài báo 750',3,'Noi dung bai bao 750',500,1,0,'2021-07-27 23:14:32','fake path 750','Tom tat 750',NULL),(751,3,'Tiêu đề bài báo 751',4,'Noi dung bai bao 751',500,1,0,'2021-07-27 23:14:32','fake path 751','Tom tat 751',NULL),(752,3,'Tiêu đề bài báo 752',1,'Noi dung bai bao 752',500,1,0,'2021-07-27 23:14:32','fake path 752','Tom tat 752',2),(753,3,'Tiêu đề bài báo 753',2,'Noi dung bai bao 753',500,1,0,'2021-07-27 23:14:32','fake path 753','Tom tat 753',2),(754,3,'Tiêu đề bài báo 754',3,'Noi dung bai bao 754',500,1,0,'2021-07-27 23:14:32','fake path 754','Tom tat 754',NULL),(755,3,'Tiêu đề bài báo 755',4,'Noi dung bai bao 755',500,1,0,'2021-07-27 23:14:32','fake path 755','Tom tat 755',NULL),(756,3,'Tiêu đề bài báo 756',1,'Noi dung bai bao 756',500,1,0,'2021-07-27 23:14:32','fake path 756','Tom tat 756',2),(757,3,'Tiêu đề bài báo 757',2,'Noi dung bai bao 757',500,1,0,'2021-07-27 23:14:32','fake path 757','Tom tat 757',7),(758,3,'Tiêu đề bài báo 758',3,'Noi dung bai bao 758',500,1,0,'2021-07-27 23:14:32','fake path 758','Tom tat 758',NULL),(759,3,'Tiêu đề bài báo 759',4,'Noi dung bai bao 759',500,1,0,'2021-07-27 23:14:32','fake path 759','Tom tat 759',NULL),(760,3,'Tiêu đề bài báo 760',1,'Noi dung bai bao 760',500,1,0,'2021-07-27 23:14:32','fake path 760','Tom tat 760',7),(761,3,'Tiêu đề bài báo 761',2,'Noi dung bai bao 761',500,1,0,'2021-07-27 23:14:32','fake path 761','Tom tat 761',7),(762,3,'Tiêu đề bài báo 762',3,'Noi dung bai bao 762',500,1,0,'2021-07-27 23:14:32','fake path 762','Tom tat 762',NULL),(763,3,'Tiêu đề bài báo 763',4,'Noi dung bai bao 763',500,1,0,'2021-07-27 23:14:32','fake path 763','Tom tat 763',NULL),(764,3,'Tiêu đề bài báo 764',1,'Noi dung bai bao 764',500,1,0,'2021-07-27 23:14:32','fake path 764','Tom tat 764',7),(765,3,'Tiêu đề bài báo 765',2,'Noi dung bai bao 765',500,1,0,'2021-07-27 23:14:32','fake path 765','Tom tat 765',2),(766,3,'Tiêu đề bài báo 766',3,'Noi dung bai bao 766',500,1,0,'2021-07-27 23:14:32','fake path 766','Tom tat 766',NULL),(767,3,'Tiêu đề bài báo 767',4,'Noi dung bai bao 767',500,1,0,'2021-07-27 23:14:32','fake path 767','Tom tat 767',NULL),(768,3,'Tiêu đề bài báo 768',1,'Noi dung bai bao 768',500,1,0,'2021-07-27 23:14:32','fake path 768','Tom tat 768',2),(769,3,'Tiêu đề bài báo 769',2,'Noi dung bai bao 769',500,1,0,'2021-07-27 23:14:32','fake path 769','Tom tat 769',2),(770,3,'Tiêu đề bài báo 770',3,'Noi dung bai bao 770',500,1,0,'2021-07-27 23:14:32','fake path 770','Tom tat 770',NULL),(771,3,'Tiêu đề bài báo 771',4,'Noi dung bai bao 771',500,1,0,'2021-07-27 23:14:32','fake path 771','Tom tat 771',NULL),(772,3,'Tiêu đề bài báo 772',1,'Noi dung bai bao 772',500,1,0,'2021-07-27 23:14:32','fake path 772','Tom tat 772',7),(773,3,'Tiêu đề bài báo 773',2,'Noi dung bai bao 773',500,1,0,'2021-07-27 23:14:32','fake path 773','Tom tat 773',7),(774,3,'Tiêu đề bài báo 774',3,'Noi dung bai bao 774',500,1,0,'2021-07-27 23:14:32','fake path 774','Tom tat 774',NULL),(775,3,'Tiêu đề bài báo 775',4,'Noi dung bai bao 775',500,1,0,'2021-07-27 23:14:32','fake path 775','Tom tat 775',NULL),(776,3,'Tiêu đề bài báo 776',1,'Noi dung bai bao 776',500,1,0,'2021-07-27 23:14:32','fake path 776','Tom tat 776',7),(777,3,'Tiêu đề bài báo 777',2,'Noi dung bai bao 777',500,1,0,'2021-07-27 23:14:32','fake path 777','Tom tat 777',7),(778,3,'Tiêu đề bài báo 778',3,'Noi dung bai bao 778',500,1,0,'2021-07-27 23:14:32','fake path 778','Tom tat 778',NULL),(779,3,'Tiêu đề bài báo 779',4,'Noi dung bai bao 779',500,1,0,'2021-07-27 23:14:32','fake path 779','Tom tat 779',NULL),(780,3,'Tiêu đề bài báo 780',1,'Noi dung bai bao 780',500,1,0,'2021-07-27 23:14:32','fake path 780','Tom tat 780',2),(781,3,'Tiêu đề bài báo 781',2,'Noi dung bai bao 781',500,1,0,'2021-07-27 23:14:32','fake path 781','Tom tat 781',2),(782,3,'Tiêu đề bài báo 782',3,'Noi dung bai bao 782',500,1,0,'2021-07-27 23:14:32','fake path 782','Tom tat 782',NULL),(783,3,'Tiêu đề bài báo 783',4,'Noi dung bai bao 783',500,1,0,'2021-07-27 23:14:32','fake path 783','Tom tat 783',NULL),(784,3,'Tiêu đề bài báo 784',1,'Noi dung bai bao 784',500,1,0,'2021-07-27 23:14:32','fake path 784','Tom tat 784',2),(785,3,'Tiêu đề bài báo 785',2,'Noi dung bai bao 785',500,1,0,'2021-07-27 23:14:32','fake path 785','Tom tat 785',2),(786,3,'Tiêu đề bài báo 786',3,'Noi dung bai bao 786',500,1,0,'2021-07-27 23:14:32','fake path 786','Tom tat 786',NULL),(787,3,'Tiêu đề bài báo 787',4,'Noi dung bai bao 787',500,1,0,'2021-07-27 23:14:32','fake path 787','Tom tat 787',NULL),(788,3,'Tiêu đề bài báo 788',1,'Noi dung bai bao 788',500,1,0,'2021-07-27 23:14:32','fake path 788','Tom tat 788',7),(789,3,'Tiêu đề bài báo 789',2,'Noi dung bai bao 789',500,1,0,'2021-07-27 23:14:32','fake path 789','Tom tat 789',7),(790,3,'Tiêu đề bài báo 790',3,'Noi dung bai bao 790',500,1,0,'2021-07-27 23:14:32','fake path 790','Tom tat 790',NULL),(791,3,'Tiêu đề bài báo 791',4,'Noi dung bai bao 791',500,1,0,'2021-07-27 23:14:32','fake path 791','Tom tat 791',NULL),(792,3,'Tiêu đề bài báo 792',1,'Noi dung bai bao 792',500,1,0,'2021-07-27 23:14:32','fake path 792','Tom tat 792',7),(793,3,'Tiêu đề bài báo 793',2,'Noi dung bai bao 793',500,1,0,'2021-07-27 23:14:32','fake path 793','Tom tat 793',7),(794,3,'Tiêu đề bài báo 794',3,'Noi dung bai bao 794',500,1,0,'2021-07-27 23:14:32','fake path 794','Tom tat 794',NULL),(795,3,'Tiêu đề bài báo 795',4,'Noi dung bai bao 795',500,1,0,'2021-07-27 23:14:32','fake path 795','Tom tat 795',NULL),(796,3,'Tiêu đề bài báo 796',1,'Noi dung bai bao 796',500,1,0,'2021-07-27 23:14:32','fake path 796','Tom tat 796',2),(797,3,'Tiêu đề bài báo 797',2,'Noi dung bai bao 797',500,1,0,'2021-07-27 23:14:32','fake path 797','Tom tat 797',2),(798,3,'Tiêu đề bài báo 798',3,'Noi dung bai bao 798',500,1,0,'2021-07-27 23:14:32','fake path 798','Tom tat 798',NULL),(799,3,'Tiêu đề bài báo 799',4,'Noi dung bai bao 799',500,1,0,'2021-07-27 23:14:32','fake path 799','Tom tat 799',NULL),(800,3,'Tiêu đề bài báo 800',1,'Noi dung bai bao 800',500,1,0,'2021-07-27 23:14:32','fake path 800','Tom tat 800',2),(801,3,'Tiêu đề bài báo 801',2,'Noi dung bai bao 801',500,1,0,'2021-07-27 23:14:32','fake path 801','Tom tat 801',2),(802,3,'Tiêu đề bài báo 802',3,'Noi dung bai bao 802',500,1,0,'2021-07-27 23:14:32','fake path 802','Tom tat 802',NULL),(803,3,'Tiêu đề bài báo 803',4,'Noi dung bai bao 803',500,1,0,'2021-07-27 23:14:32','fake path 803','Tom tat 803',NULL),(804,3,'Tiêu đề bài báo 804',1,'Noi dung bai bao 804',500,1,0,'2021-07-27 23:14:32','fake path 804','Tom tat 804',7),(805,3,'Tiêu đề bài báo 805',2,'Noi dung bai bao 805',500,1,0,'2021-07-27 23:14:32','fake path 805','Tom tat 805',7),(806,3,'Tiêu đề bài báo 806',3,'Noi dung bai bao 806',500,1,0,'2021-07-27 23:14:32','fake path 806','Tom tat 806',NULL),(807,3,'Tiêu đề bài báo 807',4,'Noi dung bai bao 807',500,1,0,'2021-07-27 23:14:32','fake path 807','Tom tat 807',NULL),(808,3,'Tiêu đề bài báo 808',1,'Noi dung bai bao 808',500,1,0,'2021-07-27 23:14:32','fake path 808','Tom tat 808',7),(809,3,'Tiêu đề bài báo 809',2,'Noi dung bai bao 809',500,1,0,'2021-07-27 23:14:32','fake path 809','Tom tat 809',7),(810,3,'Tiêu đề bài báo 810',3,'Noi dung bai bao 810',500,1,0,'2021-07-27 23:14:32','fake path 810','Tom tat 810',NULL),(811,3,'Tiêu đề bài báo 811',4,'Noi dung bai bao 811',500,1,0,'2021-07-27 23:14:32','fake path 811','Tom tat 811',NULL),(812,3,'Tiêu đề bài báo 812',1,'Noi dung bai bao 812',500,1,0,'2021-07-27 23:14:32','fake path 812','Tom tat 812',2),(813,3,'Tiêu đề bài báo 813',2,'Noi dung bai bao 813',500,1,0,'2021-07-27 23:14:32','fake path 813','Tom tat 813',2),(814,3,'Tiêu đề bài báo 814',3,'Noi dung bai bao 814',500,1,0,'2021-07-27 23:14:32','fake path 814','Tom tat 814',NULL),(815,3,'Tiêu đề bài báo 815',4,'Noi dung bai bao 815',500,1,0,'2021-07-27 23:14:32','fake path 815','Tom tat 815',NULL),(816,3,'Tiêu đề bài báo 816',1,'Noi dung bai bao 816',500,1,0,'2021-07-27 23:14:32','fake path 816','Tom tat 816',2),(817,3,'Tiêu đề bài báo 817',2,'Noi dung bai bao 817',500,1,0,'2021-07-27 23:14:32','fake path 817','Tom tat 817',7),(818,3,'Tiêu đề bài báo 818',3,'Noi dung bai bao 818',500,1,0,'2021-07-27 23:14:32','fake path 818','Tom tat 818',NULL),(819,3,'Tiêu đề bài báo 819',4,'Noi dung bai bao 819',500,1,0,'2021-07-27 23:14:32','fake path 819','Tom tat 819',NULL),(820,3,'Tiêu đề bài báo 820',1,'Noi dung bai bao 820',500,1,0,'2021-07-27 23:14:32','fake path 820','Tom tat 820',7),(821,3,'Tiêu đề bài báo 821',2,'Noi dung bai bao 821',500,1,0,'2021-07-27 23:14:32','fake path 821','Tom tat 821',7),(822,3,'Tiêu đề bài báo 822',3,'Noi dung bai bao 822',500,1,0,'2021-07-27 23:14:32','fake path 822','Tom tat 822',NULL),(823,3,'Tiêu đề bài báo 823',4,'Noi dung bai bao 823',500,1,0,'2021-07-27 23:14:32','fake path 823','Tom tat 823',NULL),(824,3,'Tiêu đề bài báo 824',1,'Noi dung bai bao 824',500,1,0,'2021-07-27 23:14:32','fake path 824','Tom tat 824',7),(825,3,'Tiêu đề bài báo 825',2,'Noi dung bai bao 825',500,1,0,'2021-07-27 23:14:32','fake path 825','Tom tat 825',2),(826,3,'Tiêu đề bài báo 826',3,'Noi dung bai bao 826',500,1,0,'2021-07-27 23:14:32','fake path 826','Tom tat 826',NULL),(827,3,'Tiêu đề bài báo 827',4,'Noi dung bai bao 827',500,1,0,'2021-07-27 23:14:32','fake path 827','Tom tat 827',NULL),(828,3,'Tiêu đề bài báo 828',1,'Noi dung bai bao 828',500,1,0,'2021-07-27 23:14:32','fake path 828','Tom tat 828',2),(829,3,'Tiêu đề bài báo 829',2,'Noi dung bai bao 829',500,1,0,'2021-07-27 23:14:32','fake path 829','Tom tat 829',2),(830,3,'Tiêu đề bài báo 830',3,'Noi dung bai bao 830',500,1,0,'2021-07-27 23:14:32','fake path 830','Tom tat 830',NULL),(831,3,'Tiêu đề bài báo 831',4,'Noi dung bai bao 831',500,1,0,'2021-07-27 23:14:32','fake path 831','Tom tat 831',NULL),(832,3,'Tiêu đề bài báo 832',1,'Noi dung bai bao 832',500,1,0,'2021-07-27 23:14:32','fake path 832','Tom tat 832',7),(833,3,'Tiêu đề bài báo 833',2,'Noi dung bai bao 833',500,1,0,'2021-07-27 23:14:32','fake path 833','Tom tat 833',7),(834,3,'Tiêu đề bài báo 834',3,'Noi dung bai bao 834',500,1,0,'2021-07-27 23:14:32','fake path 834','Tom tat 834',NULL),(835,3,'Tiêu đề bài báo 835',4,'Noi dung bai bao 835',500,1,0,'2021-07-27 23:14:32','fake path 835','Tom tat 835',NULL),(836,3,'Tiêu đề bài báo 836',1,'Noi dung bai bao 836',500,1,0,'2021-07-27 23:14:32','fake path 836','Tom tat 836',7),(837,3,'Tiêu đề bài báo 837',2,'Noi dung bai bao 837',500,1,0,'2021-07-27 23:14:32','fake path 837','Tom tat 837',7),(838,3,'Tiêu đề bài báo 838',3,'Noi dung bai bao 838',500,1,0,'2021-07-27 23:14:32','fake path 838','Tom tat 838',NULL),(839,3,'Tiêu đề bài báo 839',4,'Noi dung bai bao 839',500,1,0,'2021-07-27 23:14:32','fake path 839','Tom tat 839',NULL),(840,3,'Tiêu đề bài báo 840',1,'Noi dung bai bao 840',500,1,0,'2021-07-27 23:14:32','fake path 840','Tom tat 840',2),(841,3,'Tiêu đề bài báo 841',2,'Noi dung bai bao 841',500,1,0,'2021-07-27 23:14:32','fake path 841','Tom tat 841',2),(842,3,'Tiêu đề bài báo 842',3,'Noi dung bai bao 842',500,1,0,'2021-07-27 23:14:32','fake path 842','Tom tat 842',NULL),(843,3,'Tiêu đề bài báo 843',4,'Noi dung bai bao 843',500,1,0,'2021-07-27 23:14:32','fake path 843','Tom tat 843',NULL),(844,3,'Tiêu đề bài báo 844',1,'Noi dung bai bao 844',500,1,0,'2021-07-27 23:14:32','fake path 844','Tom tat 844',2),(845,3,'Tiêu đề bài báo 845',2,'Noi dung bai bao 845',500,1,0,'2021-07-27 23:14:32','fake path 845','Tom tat 845',2),(846,3,'Tiêu đề bài báo 846',3,'Noi dung bai bao 846',500,1,0,'2021-07-27 23:14:32','fake path 846','Tom tat 846',NULL),(847,3,'Tiêu đề bài báo 847',4,'Noi dung bai bao 847',500,1,0,'2021-07-27 23:14:32','fake path 847','Tom tat 847',NULL),(848,3,'Tiêu đề bài báo 848',1,'Noi dung bai bao 848',500,1,0,'2021-07-27 23:14:32','fake path 848','Tom tat 848',7),(849,3,'Tiêu đề bài báo 849',2,'Noi dung bai bao 849',500,1,0,'2021-07-27 23:14:32','fake path 849','Tom tat 849',7),(850,3,'Tiêu đề bài báo 850',3,'Noi dung bai bao 850',500,1,0,'2021-07-27 23:14:32','fake path 850','Tom tat 850',NULL),(851,3,'Tiêu đề bài báo 851',4,'Noi dung bai bao 851',500,1,0,'2021-07-27 23:14:32','fake path 851','Tom tat 851',NULL),(852,3,'Tiêu đề bài báo 852',1,'Noi dung bai bao 852',500,1,0,'2021-07-27 23:14:32','fake path 852','Tom tat 852',7),(853,3,'Tiêu đề bài báo 853',2,'Noi dung bai bao 853',500,1,0,'2021-07-27 23:14:32','fake path 853','Tom tat 853',7),(854,3,'Tiêu đề bài báo 854',3,'Noi dung bai bao 854',500,1,0,'2021-07-27 23:14:32','fake path 854','Tom tat 854',NULL),(855,3,'Tiêu đề bài báo 855',4,'Noi dung bai bao 855',500,1,0,'2021-07-27 23:14:32','fake path 855','Tom tat 855',NULL),(856,3,'Tiêu đề bài báo 856',1,'Noi dung bai bao 856',500,1,0,'2021-07-27 23:14:32','fake path 856','Tom tat 856',2),(857,3,'Tiêu đề bài báo 857',2,'Noi dung bai bao 857',500,1,0,'2021-07-27 23:14:32','fake path 857','Tom tat 857',2),(858,3,'Tiêu đề bài báo 858',3,'Noi dung bai bao 858',500,1,0,'2021-07-27 23:14:32','fake path 858','Tom tat 858',NULL),(859,3,'Tiêu đề bài báo 859',4,'Noi dung bai bao 859',500,1,0,'2021-07-27 23:14:32','fake path 859','Tom tat 859',NULL),(860,3,'Tiêu đề bài báo 860',1,'Noi dung bai bao 860',500,1,0,'2021-07-27 23:14:32','fake path 860','Tom tat 860',2),(861,3,'Tiêu đề bài báo 861',2,'Noi dung bai bao 861',500,1,0,'2021-07-27 23:14:32','fake path 861','Tom tat 861',2),(862,3,'Tiêu đề bài báo 862',3,'Noi dung bai bao 862',500,1,0,'2021-07-27 23:14:32','fake path 862','Tom tat 862',NULL),(863,3,'Tiêu đề bài báo 863',4,'Noi dung bai bao 863',500,1,0,'2021-07-27 23:14:32','fake path 863','Tom tat 863',NULL),(864,3,'Tiêu đề bài báo 864',1,'Noi dung bai bao 864',500,1,0,'2021-07-27 23:14:32','fake path 864','Tom tat 864',7),(865,3,'Tiêu đề bài báo 865',2,'Noi dung bai bao 865',500,1,0,'2021-07-27 23:14:32','fake path 865','Tom tat 865',7),(866,3,'Tiêu đề bài báo 866',3,'Noi dung bai bao 866',500,1,0,'2021-07-27 23:14:32','fake path 866','Tom tat 866',NULL),(867,3,'Tiêu đề bài báo 867',4,'Noi dung bai bao 867',500,1,0,'2021-07-27 23:14:32','fake path 867','Tom tat 867',NULL),(868,3,'Tiêu đề bài báo 868',1,'Noi dung bai bao 868',500,1,0,'2021-07-27 23:14:32','fake path 868','Tom tat 868',7),(869,3,'Tiêu đề bài báo 869',2,'Noi dung bai bao 869',500,1,0,'2021-07-27 23:14:32','fake path 869','Tom tat 869',7),(870,3,'Tiêu đề bài báo 870',3,'Noi dung bai bao 870',500,1,0,'2021-07-27 23:14:32','fake path 870','Tom tat 870',NULL),(871,3,'Tiêu đề bài báo 871',4,'Noi dung bai bao 871',500,1,0,'2021-07-27 23:14:32','fake path 871','Tom tat 871',NULL),(872,3,'Tiêu đề bài báo 872',1,'Noi dung bai bao 872',500,1,0,'2021-07-27 23:14:32','fake path 872','Tom tat 872',2),(873,3,'Tiêu đề bài báo 873',2,'Noi dung bai bao 873',500,1,0,'2021-07-27 23:14:32','fake path 873','Tom tat 873',2),(874,3,'Tiêu đề bài báo 874',3,'Noi dung bai bao 874',500,1,0,'2021-07-27 23:14:32','fake path 874','Tom tat 874',NULL),(875,3,'Tiêu đề bài báo 875',4,'Noi dung bai bao 875',500,1,0,'2021-07-27 23:14:32','fake path 875','Tom tat 875',NULL),(876,3,'Tiêu đề bài báo 876',1,'Noi dung bai bao 876',500,1,0,'2021-07-27 23:14:32','fake path 876','Tom tat 876',2),(877,3,'Tiêu đề bài báo 877',2,'Noi dung bai bao 877',500,1,0,'2021-07-27 23:14:32','fake path 877','Tom tat 877',7),(878,3,'Tiêu đề bài báo 878',3,'Noi dung bai bao 878',500,1,0,'2021-07-27 23:14:32','fake path 878','Tom tat 878',NULL),(879,3,'Tiêu đề bài báo 879',4,'Noi dung bai bao 879',500,1,0,'2021-07-27 23:14:32','fake path 879','Tom tat 879',NULL),(880,3,'Tiêu đề bài báo 880',1,'Noi dung bai bao 880',500,1,0,'2021-07-27 23:14:32','fake path 880','Tom tat 880',7),(881,3,'Tiêu đề bài báo 881',2,'Noi dung bai bao 881',500,1,0,'2021-07-27 23:14:32','fake path 881','Tom tat 881',7),(882,3,'Tiêu đề bài báo 882',3,'Noi dung bai bao 882',500,1,0,'2021-07-27 23:14:32','fake path 882','Tom tat 882',NULL),(883,3,'Tiêu đề bài báo 883',4,'Noi dung bai bao 883',500,1,0,'2021-07-27 23:14:32','fake path 883','Tom tat 883',NULL),(884,3,'Tiêu đề bài báo 884',1,'Noi dung bai bao 884',500,1,0,'2021-07-27 23:14:32','fake path 884','Tom tat 884',7),(885,3,'Tiêu đề bài báo 885',2,'Noi dung bai bao 885',500,1,0,'2021-07-27 23:14:32','fake path 885','Tom tat 885',2),(886,3,'Tiêu đề bài báo 886',3,'Noi dung bai bao 886',500,1,0,'2021-07-27 23:14:32','fake path 886','Tom tat 886',NULL),(887,3,'Tiêu đề bài báo 887',4,'Noi dung bai bao 887',500,1,0,'2021-07-27 23:14:32','fake path 887','Tom tat 887',NULL),(888,3,'Tiêu đề bài báo 888',1,'Noi dung bai bao 888',500,1,0,'2021-07-27 23:14:32','fake path 888','Tom tat 888',2),(889,3,'Tiêu đề bài báo 889',2,'Noi dung bai bao 889',500,1,0,'2021-07-27 23:14:32','fake path 889','Tom tat 889',2),(890,3,'Tiêu đề bài báo 890',3,'Noi dung bai bao 890',500,1,0,'2021-07-27 23:14:32','fake path 890','Tom tat 890',NULL),(891,3,'Tiêu đề bài báo 891',4,'Noi dung bai bao 891',500,1,0,'2021-07-27 23:14:32','fake path 891','Tom tat 891',NULL),(892,3,'Tiêu đề bài báo 892',1,'Noi dung bai bao 892',500,1,0,'2021-07-27 23:14:32','fake path 892','Tom tat 892',7),(893,3,'Tiêu đề bài báo 893',2,'Noi dung bai bao 893',500,1,0,'2021-07-27 23:14:32','fake path 893','Tom tat 893',7),(894,3,'Tiêu đề bài báo 894',3,'Noi dung bai bao 894',500,1,0,'2021-07-27 23:14:32','fake path 894','Tom tat 894',NULL),(895,3,'Tiêu đề bài báo 895',4,'Noi dung bai bao 895',500,1,0,'2021-07-27 23:14:32','fake path 895','Tom tat 895',NULL),(896,3,'Tiêu đề bài báo 896',1,'Noi dung bai bao 896',500,1,0,'2021-07-27 23:14:32','fake path 896','Tom tat 896',7),(897,3,'Tiêu đề bài báo 897',2,'Noi dung bai bao 897',500,1,0,'2021-07-27 23:14:32','fake path 897','Tom tat 897',7),(898,3,'Tiêu đề bài báo 898',3,'Noi dung bai bao 898',500,1,0,'2021-07-27 23:14:32','fake path 898','Tom tat 898',NULL),(899,3,'Tiêu đề bài báo 899',4,'Noi dung bai bao 899',500,1,0,'2021-07-27 23:14:32','fake path 899','Tom tat 899',NULL),(900,3,'Tiêu đề bài báo 900',1,'Noi dung bai bao 900',500,1,0,'2021-07-27 23:14:32','fake path 900','Tom tat 900',2),(901,3,'Tiêu đề bài báo 901',2,'Noi dung bai bao 901',500,1,0,'2021-07-27 23:14:32','fake path 901','Tom tat 901',2),(902,3,'Tiêu đề bài báo 902',3,'Noi dung bai bao 902',500,1,0,'2021-07-27 23:14:32','fake path 902','Tom tat 902',NULL),(903,3,'Tiêu đề bài báo 903',4,'Noi dung bai bao 903',500,1,0,'2021-07-27 23:14:32','fake path 903','Tom tat 903',NULL),(904,3,'Tiêu đề bài báo 904',1,'Noi dung bai bao 904',500,1,0,'2021-07-27 23:14:32','fake path 904','Tom tat 904',2),(905,3,'Tiêu đề bài báo 905',2,'Noi dung bai bao 905',500,1,0,'2021-07-27 23:14:32','fake path 905','Tom tat 905',2),(906,3,'Tiêu đề bài báo 906',3,'Noi dung bai bao 906',500,1,0,'2021-07-27 23:14:32','fake path 906','Tom tat 906',NULL),(907,3,'Tiêu đề bài báo 907',4,'Noi dung bai bao 907',500,1,0,'2021-07-27 23:14:32','fake path 907','Tom tat 907',NULL),(908,3,'Tiêu đề bài báo 908',1,'Noi dung bai bao 908',500,1,0,'2021-07-27 23:14:32','fake path 908','Tom tat 908',7),(909,3,'Tiêu đề bài báo 909',2,'Noi dung bai bao 909',500,1,0,'2021-07-27 23:14:32','fake path 909','Tom tat 909',7),(910,3,'Tiêu đề bài báo 910',3,'Noi dung bai bao 910',500,1,0,'2021-07-27 23:14:32','fake path 910','Tom tat 910',NULL),(911,3,'Tiêu đề bài báo 911',4,'Noi dung bai bao 911',500,1,0,'2021-07-27 23:14:32','fake path 911','Tom tat 911',NULL),(912,3,'Tiêu đề bài báo 912',1,'Noi dung bai bao 912',500,1,0,'2021-07-27 23:14:32','fake path 912','Tom tat 912',7),(913,3,'Tiêu đề bài báo 913',2,'Noi dung bai bao 913',500,1,0,'2021-07-27 23:14:32','fake path 913','Tom tat 913',7),(914,3,'Tiêu đề bài báo 914',3,'Noi dung bai bao 914',500,1,0,'2021-07-27 23:14:32','fake path 914','Tom tat 914',NULL),(915,3,'Tiêu đề bài báo 915',4,'Noi dung bai bao 915',500,1,0,'2021-07-27 23:14:32','fake path 915','Tom tat 915',NULL),(916,3,'Tiêu đề bài báo 916',1,'Noi dung bai bao 916',500,1,0,'2021-07-27 23:14:32','fake path 916','Tom tat 916',2),(917,3,'Tiêu đề bài báo 917',2,'Noi dung bai bao 917',500,1,0,'2021-07-27 23:14:32','fake path 917','Tom tat 917',2),(918,3,'Tiêu đề bài báo 918',3,'Noi dung bai bao 918',500,1,0,'2021-07-27 23:14:32','fake path 918','Tom tat 918',NULL),(919,3,'Tiêu đề bài báo 919',4,'Noi dung bai bao 919',500,1,0,'2021-07-27 23:14:32','fake path 919','Tom tat 919',NULL),(920,3,'Tiêu đề bài báo 920',1,'Noi dung bai bao 920',500,1,0,'2021-07-27 23:14:32','fake path 920','Tom tat 920',2),(921,3,'Tiêu đề bài báo 921',2,'Noi dung bai bao 921',500,1,0,'2021-07-27 23:14:32','fake path 921','Tom tat 921',2),(922,3,'Tiêu đề bài báo 922',3,'Noi dung bai bao 922',500,1,0,'2021-07-27 23:14:32','fake path 922','Tom tat 922',NULL),(923,3,'Tiêu đề bài báo 923',4,'Noi dung bai bao 923',500,1,0,'2021-07-27 23:14:32','fake path 923','Tom tat 923',NULL),(924,3,'Tiêu đề bài báo 924',1,'Noi dung bai bao 924',500,1,0,'2021-07-27 23:14:32','fake path 924','Tom tat 924',7),(925,3,'Tiêu đề bài báo 925',2,'Noi dung bai bao 925',500,1,0,'2021-07-27 23:14:32','fake path 925','Tom tat 925',7),(926,3,'Tiêu đề bài báo 926',3,'Noi dung bai bao 926',500,1,0,'2021-07-27 23:14:32','fake path 926','Tom tat 926',NULL),(927,3,'Tiêu đề bài báo 927',4,'Noi dung bai bao 927',500,1,0,'2021-07-27 23:14:32','fake path 927','Tom tat 927',NULL),(928,3,'Tiêu đề bài báo 928',1,'Noi dung bai bao 928',500,1,0,'2021-07-27 23:14:32','fake path 928','Tom tat 928',7),(929,3,'Tiêu đề bài báo 929',2,'Noi dung bai bao 929',500,1,0,'2021-07-27 23:14:32','fake path 929','Tom tat 929',7),(930,3,'Tiêu đề bài báo 930',3,'Noi dung bai bao 930',500,1,0,'2021-07-27 23:14:32','fake path 930','Tom tat 930',NULL),(931,3,'Tiêu đề bài báo 931',4,'Noi dung bai bao 931',500,1,0,'2021-07-27 23:14:32','fake path 931','Tom tat 931',NULL),(932,3,'Tiêu đề bài báo 932',1,'Noi dung bai bao 932',500,1,0,'2021-07-27 23:14:32','fake path 932','Tom tat 932',2),(933,3,'Tiêu đề bài báo 933',2,'Noi dung bai bao 933',500,1,0,'2021-07-27 23:14:32','fake path 933','Tom tat 933',2),(934,3,'Tiêu đề bài báo 934',3,'Noi dung bai bao 934',500,1,0,'2021-07-27 23:14:32','fake path 934','Tom tat 934',NULL),(935,3,'Tiêu đề bài báo 935',4,'Noi dung bai bao 935',500,1,0,'2021-07-27 23:14:32','fake path 935','Tom tat 935',NULL),(936,3,'Tiêu đề bài báo 936',1,'Noi dung bai bao 936',500,1,0,'2021-07-27 23:14:32','fake path 936','Tom tat 936',2),(937,3,'Tiêu đề bài báo 937',2,'Noi dung bai bao 937',500,1,0,'2021-07-27 23:14:32','fake path 937','Tom tat 937',7),(938,3,'Tiêu đề bài báo 938',3,'Noi dung bai bao 938',500,1,0,'2021-07-27 23:14:32','fake path 938','Tom tat 938',NULL),(939,3,'Tiêu đề bài báo 939',4,'Noi dung bai bao 939',500,1,0,'2021-07-27 23:14:32','fake path 939','Tom tat 939',NULL),(940,3,'Tiêu đề bài báo 940',1,'Noi dung bai bao 940',500,1,0,'2021-07-27 23:14:32','fake path 940','Tom tat 940',7),(941,3,'Tiêu đề bài báo 941',2,'Noi dung bai bao 941',500,1,0,'2021-07-27 23:14:32','fake path 941','Tom tat 941',7),(942,3,'Tiêu đề bài báo 942',3,'Noi dung bai bao 942',500,1,0,'2021-07-27 23:14:32','fake path 942','Tom tat 942',NULL),(943,3,'Tiêu đề bài báo 943',4,'Noi dung bai bao 943',500,1,0,'2021-07-27 23:14:32','fake path 943','Tom tat 943',NULL),(944,3,'Tiêu đề bài báo 944',1,'Noi dung bai bao 944',500,1,0,'2021-07-27 23:14:32','fake path 944','Tom tat 944',7),(945,3,'Tiêu đề bài báo 945',2,'Noi dung bai bao 945',500,1,0,'2021-07-27 23:14:32','fake path 945','Tom tat 945',2),(946,3,'Tiêu đề bài báo 946',3,'Noi dung bai bao 946',500,1,0,'2021-07-27 23:14:32','fake path 946','Tom tat 946',NULL),(947,3,'Tiêu đề bài báo 947',4,'Noi dung bai bao 947',500,1,0,'2021-07-27 23:14:32','fake path 947','Tom tat 947',NULL),(948,3,'Tiêu đề bài báo 948',1,'Noi dung bai bao 948',500,1,0,'2021-07-27 23:14:32','fake path 948','Tom tat 948',2),(949,3,'Tiêu đề bài báo 949',2,'Noi dung bai bao 949',500,1,0,'2021-07-27 23:14:32','fake path 949','Tom tat 949',2),(950,3,'Tiêu đề bài báo 950',3,'Noi dung bai bao 950',500,1,0,'2021-07-27 23:14:32','fake path 950','Tom tat 950',NULL),(951,3,'Tiêu đề bài báo 951',4,'Noi dung bai bao 951',500,1,0,'2021-07-27 23:14:32','fake path 951','Tom tat 951',NULL),(952,3,'Tiêu đề bài báo 952',1,'Noi dung bai bao 952',500,1,0,'2021-07-27 23:14:32','fake path 952','Tom tat 952',7),(953,3,'Tiêu đề bài báo 953',2,'Noi dung bai bao 953',500,1,0,'2021-07-27 23:14:32','fake path 953','Tom tat 953',7),(954,3,'Tiêu đề bài báo 954',3,'Noi dung bai bao 954',500,1,0,'2021-07-27 23:14:32','fake path 954','Tom tat 954',NULL),(955,3,'Tiêu đề bài báo 955',4,'Noi dung bai bao 955',500,1,0,'2021-07-27 23:14:32','fake path 955','Tom tat 955',NULL),(956,3,'Tiêu đề bài báo 956',1,'Noi dung bai bao 956',500,1,0,'2021-07-27 23:14:32','fake path 956','Tom tat 956',7),(957,3,'Tiêu đề bài báo 957',2,'Noi dung bai bao 957',500,1,0,'2021-07-27 23:14:32','fake path 957','Tom tat 957',7),(958,3,'Tiêu đề bài báo 958',3,'Noi dung bai bao 958',500,1,0,'2021-07-27 23:14:32','fake path 958','Tom tat 958',NULL),(959,3,'Tiêu đề bài báo 959',4,'Noi dung bai bao 959',500,1,0,'2021-07-27 23:14:32','fake path 959','Tom tat 959',NULL),(960,3,'Tiêu đề bài báo 960',1,'Noi dung bai bao 960',500,1,0,'2021-07-27 23:14:32','fake path 960','Tom tat 960',2),(961,3,'Tiêu đề bài báo 961',2,'Noi dung bai bao 961',500,1,0,'2021-07-27 23:14:32','fake path 961','Tom tat 961',2),(962,3,'Tiêu đề bài báo 962',3,'Noi dung bai bao 962',500,1,0,'2021-07-27 23:14:32','fake path 962','Tom tat 962',NULL),(963,3,'Tiêu đề bài báo 963',4,'Noi dung bai bao 963',500,1,0,'2021-07-27 23:14:32','fake path 963','Tom tat 963',NULL),(964,3,'Tiêu đề bài báo 964',1,'Noi dung bai bao 964',500,1,0,'2021-07-27 23:14:32','fake path 964','Tom tat 964',2),(965,3,'Tiêu đề bài báo 965',2,'Noi dung bai bao 965',500,1,0,'2021-07-27 23:14:32','fake path 965','Tom tat 965',2),(966,3,'Tiêu đề bài báo 966',3,'Noi dung bai bao 966',500,1,0,'2021-07-27 23:14:32','fake path 966','Tom tat 966',NULL),(967,3,'Tiêu đề bài báo 967',4,'Noi dung bai bao 967',500,1,0,'2021-07-27 23:14:32','fake path 967','Tom tat 967',NULL),(968,3,'Tiêu đề bài báo 968',1,'Noi dung bai bao 968',500,1,0,'2021-07-27 23:14:32','fake path 968','Tom tat 968',7),(969,3,'Tiêu đề bài báo 969',2,'Noi dung bai bao 969',500,1,0,'2021-07-27 23:14:32','fake path 969','Tom tat 969',7),(970,3,'Tiêu đề bài báo 970',3,'Noi dung bai bao 970',500,1,0,'2021-07-27 23:14:32','fake path 970','Tom tat 970',NULL),(971,3,'Tiêu đề bài báo 971',4,'Noi dung bai bao 971',500,1,0,'2021-07-27 23:14:32','fake path 971','Tom tat 971',NULL),(972,3,'Tiêu đề bài báo 972',1,'Noi dung bai bao 972',500,1,0,'2021-07-27 23:14:32','fake path 972','Tom tat 972',7),(973,3,'Tiêu đề bài báo 973',2,'Noi dung bai bao 973',500,1,0,'2021-07-27 23:14:32','fake path 973','Tom tat 973',7),(974,3,'Tiêu đề bài báo 974',3,'Noi dung bai bao 974',500,1,0,'2021-07-27 23:14:32','fake path 974','Tom tat 974',NULL),(975,3,'Tiêu đề bài báo 975',4,'Noi dung bai bao 975',500,1,0,'2021-07-27 23:14:32','fake path 975','Tom tat 975',NULL),(976,3,'Tiêu đề bài báo 976',1,'Noi dung bai bao 976',500,1,0,'2021-07-27 23:14:32','fake path 976','Tom tat 976',2),(977,3,'Tiêu đề bài báo 977',2,'Noi dung bai bao 977',500,1,0,'2021-07-27 23:14:32','fake path 977','Tom tat 977',2),(978,3,'Tiêu đề bài báo 978',3,'Noi dung bai bao 978',500,1,0,'2021-07-27 23:14:32','fake path 978','Tom tat 978',NULL),(979,3,'Tiêu đề bài báo 979',4,'Noi dung bai bao 979',500,1,0,'2021-07-27 23:14:32','fake path 979','Tom tat 979',NULL),(980,3,'Tiêu đề bài báo 980',1,'Noi dung bai bao 980',500,1,0,'2021-07-27 23:14:32','fake path 980','Tom tat 980',2),(981,3,'Tiêu đề bài báo 981',2,'Noi dung bai bao 981',500,1,0,'2021-07-27 23:14:32','fake path 981','Tom tat 981',2),(982,3,'Tiêu đề bài báo 982',3,'Noi dung bai bao 982',500,1,0,'2021-07-27 23:14:32','fake path 982','Tom tat 982',NULL),(983,3,'Tiêu đề bài báo 983',4,'Noi dung bai bao 983',500,1,0,'2021-07-27 23:14:32','fake path 983','Tom tat 983',NULL),(984,3,'Tiêu đề bài báo 984',1,'Noi dung bai bao 984',500,1,0,'2021-07-27 23:14:32','fake path 984','Tom tat 984',7),(985,3,'Tiêu đề bài báo 985',2,'Noi dung bai bao 985',500,1,0,'2021-07-27 23:14:32','fake path 985','Tom tat 985',7),(986,3,'Tiêu đề bài báo 986',3,'Noi dung bai bao 986',500,1,0,'2021-07-27 23:14:32','fake path 986','Tom tat 986',NULL),(987,3,'Tiêu đề bài báo 987',4,'Noi dung bai bao 987',500,1,0,'2021-07-27 23:14:32','fake path 987','Tom tat 987',NULL),(988,3,'Tiêu đề bài báo 988',1,'Noi dung bai bao 988',500,1,0,'2021-07-27 23:14:32','fake path 988','Tom tat 988',7),(989,3,'Tiêu đề bài báo 989',2,'Noi dung bai bao 989',500,1,0,'2021-07-27 23:14:32','fake path 989','Tom tat 989',7),(990,3,'Tiêu đề bài báo 990',3,'Noi dung bai bao 990',500,1,0,'2021-07-27 23:14:32','fake path 990','Tom tat 990',NULL),(991,3,'Tiêu đề bài báo 991',4,'Noi dung bai bao 991',500,1,0,'2021-07-27 23:14:32','fake path 991','Tom tat 991',NULL),(992,3,'Tiêu đề bài báo 992',1,'Noi dung bai bao 992',500,1,0,'2021-07-27 23:14:32','fake path 992','Tom tat 992',2),(993,3,'Tiêu đề bài báo 993',2,'Noi dung bai bao 993',500,1,0,'2021-07-27 23:14:32','fake path 993','Tom tat 993',2),(994,3,'Tiêu đề bài báo 994',3,'Noi dung bai bao 994',500,1,0,'2021-07-27 23:14:32','fake path 994','Tom tat 994',NULL),(995,3,'Tiêu đề bài báo 995',4,'Noi dung bai bao 995',500,1,0,'2021-07-27 23:14:32','fake path 995','Tom tat 995',NULL),(996,3,'Tiêu đề bài báo 996',1,'Noi dung bai bao 996',500,1,0,'2021-07-27 23:14:32','fake path 996','Tom tat 996',2),(997,3,'Tiêu đề bài báo 997',2,'Noi dung bai bao 997',500,1,0,'2021-07-27 23:14:32','fake path 997','Tom tat 997',7),(998,3,'Tiêu đề bài báo 998',3,'Noi dung bai bao 998',500,1,0,'2021-07-27 23:14:32','fake path 998','Tom tat 998',NULL),(999,3,'Tiêu đề bài báo 999',4,'Noi dung bai bao 999',500,1,1,'2021-07-27 23:14:32','fake path 999','Tom tat 999',NULL),(1001,3,'999',1,'999',500,1,0,'2021-07-22 15:27:31','999','999',2),(1002,3,'999',1,'999',500,1,0,'2021-07-22 15:27:31','999','999',2),(1003,3,'999',1,'999',500,1,0,'2021-07-22 15:27:31','999','999',2),(1004,3,'999',1,'999',500,1,0,'2021-07-22 15:27:31','999','999',2),(1005,3,'999',1,'999',500,1,0,'2021-07-22 15:27:31','999','999',2),(1006,3,'999',1,'999',500,1,0,'2021-07-22 15:27:31','999','999',2),(1007,3,'999',1,'999',500,1,0,'2021-07-22 15:27:31','999','999',2);
/*!40000 ALTER TABLE `articles` ENABLE KEYS */;
UNLOCK TABLES;

--
-- Table structure for table `articles_tags`
--

DROP TABLE IF EXISTS `articles_tags`;
/*!40101 SET @saved_cs_client     = @@character_set_client */;
/*!40101 SET character_set_client = utf8 */;
CREATE TABLE `articles_tags` (
  `article_id` int(10) unsigned NOT NULL,
  `tag_id` int(10) unsigned NOT NULL,
  `id` int(10) unsigned NOT NULL AUTO_INCREMENT,
  PRIMARY KEY (`id`) USING BTREE,
  KEY `fk_article_id` (`article_id`),
  KEY `fk_tag_id` (`tag_id`),
  CONSTRAINT `fk_article_id` FOREIGN KEY (`article_id`) REFERENCES `articles` (`article_id`) ON DELETE CASCADE ON UPDATE CASCADE,
  CONSTRAINT `fk_tag_id` FOREIGN KEY (`tag_id`) REFERENCES `tags` (`tag_id`) ON DELETE CASCADE ON UPDATE CASCADE
) ENGINE=InnoDB AUTO_INCREMENT=1000 DEFAULT CHARSET=utf8;
/*!40101 SET character_set_client = @saved_cs_client */;

--
-- Dumping data for table `articles_tags`
--

LOCK TABLES `articles_tags` WRITE;
/*!40000 ALTER TABLE `articles_tags` DISABLE KEYS */;
INSERT INTO `articles_tags` VALUES (1,2,1),(2,1,2),(3,2,3),(4,1,4),(5,2,5),(6,1,6),(7,2,7),(8,1,8),(9,2,9),(10,1,10),(11,2,11),(12,1,12),(13,2,13),(14,1,14),(15,2,15),(16,1,16),(17,2,17),(18,1,18),(19,2,19),(20,1,20),(21,2,21),(22,1,22),(23,2,23),(24,1,24),(25,2,25),(26,1,26),(27,2,27),(28,1,28),(29,2,29),(30,1,30),(31,2,31),(32,1,32),(33,2,33),(34,1,34),(35,2,35),(36,1,36),(37,2,37),(38,1,38),(39,2,39),(40,1,40),(41,2,41),(42,1,42),(43,2,43),(44,1,44),(45,2,45),(46,1,46),(47,2,47),(48,1,48),(49,2,49),(50,1,50),(51,2,51),(52,1,52),(53,2,53),(54,1,54),(55,2,55),(56,1,56),(57,2,57),(58,1,58),(59,2,59),(60,1,60),(61,2,61),(62,1,62),(63,2,63),(64,1,64),(65,2,65),(66,1,66),(67,2,67),(68,1,68),(69,2,69),(70,1,70),(71,2,71),(72,1,72),(73,2,73),(74,1,74),(75,2,75),(76,1,76),(77,2,77),(78,1,78),(79,2,79),(80,1,80),(81,2,81),(82,1,82),(83,2,83),(84,1,84),(85,2,85),(86,1,86),(87,2,87),(88,1,88),(89,2,89),(90,1,90),(91,2,91),(92,1,92),(93,2,93),(94,1,94),(95,2,95),(96,1,96),(97,2,97),(98,1,98),(99,2,99),(100,1,100),(101,2,101),(102,1,102),(103,2,103),(104,1,104),(105,2,105),(106,1,106),(107,2,107),(108,1,108),(109,2,109),(110,1,110),(111,2,111),(112,1,112),(113,2,113),(114,1,114),(115,2,115),(116,1,116),(117,2,117),(118,1,118),(119,2,119),(120,1,120),(121,2,121),(122,1,122),(123,2,123),(124,1,124),(125,2,125),(126,1,126),(127,2,127),(128,1,128),(129,2,129),(130,1,130),(131,2,131),(132,1,132),(133,2,133),(134,1,134),(135,2,135),(136,1,136),(137,2,137),(138,1,138),(139,2,139),(140,1,140),(141,2,141),(142,1,142),(143,2,143),(144,1,144),(145,2,145),(146,1,146),(147,2,147),(148,1,148),(149,2,149),(150,1,150),(151,2,151),(152,1,152),(153,2,153),(154,1,154),(155,2,155),(156,1,156),(157,2,157),(158,1,158),(159,2,159),(160,1,160),(161,2,161),(162,1,162),(163,2,163),(164,1,164),(165,2,165),(166,1,166),(167,2,167),(168,1,168),(169,2,169),(170,1,170),(171,2,171),(172,1,172),(173,2,173),(174,1,174),(175,2,175),(176,1,176),(177,2,177),(178,1,178),(179,2,179),(180,1,180),(181,2,181),(182,1,182),(183,2,183),(184,1,184),(185,2,185),(186,1,186),(187,2,187),(188,1,188),(189,2,189),(190,1,190),(191,2,191),(192,1,192),(193,2,193),(194,1,194),(195,2,195),(196,1,196),(197,2,197),(198,1,198),(199,2,199),(200,1,200),(201,2,201),(202,1,202),(203,2,203),(204,1,204),(205,2,205),(206,1,206),(207,2,207),(208,1,208),(209,2,209),(210,1,210),(211,2,211),(212,1,212),(213,2,213),(214,1,214),(215,2,215),(216,1,216),(217,2,217),(218,1,218),(219,2,219),(220,1,220),(221,2,221),(222,1,222),(223,2,223),(224,1,224),(225,2,225),(226,1,226),(227,2,227),(228,1,228),(229,2,229),(230,1,230),(231,2,231),(232,1,232),(233,2,233),(234,1,234),(235,2,235),(236,1,236),(237,2,237),(238,1,238),(239,2,239),(240,1,240),(241,2,241),(242,1,242),(243,2,243),(244,1,244),(245,2,245),(246,1,246),(247,2,247),(248,1,248),(249,2,249),(250,1,250),(251,2,251),(252,1,252),(253,2,253),(254,1,254),(255,2,255),(256,1,256),(257,2,257),(258,1,258),(259,2,259),(260,1,260),(261,2,261),(262,1,262),(263,2,263),(264,1,264),(265,2,265),(266,1,266),(267,2,267),(268,1,268),(269,2,269),(270,1,270),(271,2,271),(272,1,272),(273,2,273),(274,1,274),(275,2,275),(276,1,276),(277,2,277),(278,1,278),(279,2,279),(280,1,280),(281,2,281),(282,1,282),(283,2,283),(284,1,284),(285,2,285),(286,1,286),(287,2,287),(288,1,288),(289,2,289),(290,1,290),(291,2,291),(292,1,292),(293,2,293),(294,1,294),(295,2,295),(296,1,296),(297,2,297),(298,1,298),(299,2,299),(300,1,300),(301,2,301),(302,1,302),(303,2,303),(304,1,304),(305,2,305),(306,1,306),(307,2,307),(308,1,308),(309,2,309),(310,1,310),(311,2,311),(312,1,312),(313,2,313),(314,1,314),(315,2,315),(316,1,316),(317,2,317),(318,1,318),(319,2,319),(320,1,320),(321,2,321),(322,1,322),(323,2,323),(324,1,324),(325,2,325),(326,1,326),(327,2,327),(328,1,328),(329,2,329),(330,1,330),(331,2,331),(332,1,332),(333,2,333),(334,1,334),(335,2,335),(336,1,336),(337,2,337),(338,1,338),(339,2,339),(340,1,340),(341,2,341),(342,1,342),(343,2,343),(344,1,344),(345,2,345),(346,1,346),(347,2,347),(348,1,348),(349,2,349),(350,1,350),(351,2,351),(352,1,352),(353,2,353),(354,1,354),(355,2,355),(356,1,356),(357,2,357),(358,1,358),(359,2,359),(360,1,360),(361,2,361),(362,1,362),(363,2,363),(364,1,364),(365,2,365),(366,1,366),(367,2,367),(368,1,368),(369,2,369),(370,1,370),(371,2,371),(372,1,372),(373,2,373),(374,1,374),(375,2,375),(376,1,376),(377,2,377),(378,1,378),(379,2,379),(380,1,380),(381,2,381),(382,1,382),(383,2,383),(384,1,384),(385,2,385),(386,1,386),(387,2,387),(388,1,388),(389,2,389),(390,1,390),(391,2,391),(392,1,392),(393,2,393),(394,1,394),(395,2,395),(396,1,396),(397,2,397),(398,1,398),(399,2,399),(400,1,400),(401,2,401),(402,1,402),(403,2,403),(404,1,404),(405,2,405),(406,1,406),(407,2,407),(408,1,408),(409,2,409),(410,1,410),(411,2,411),(412,1,412),(413,2,413),(414,1,414),(415,2,415),(416,1,416),(417,2,417),(418,1,418),(419,2,419),(420,1,420),(421,2,421),(422,1,422),(423,2,423),(424,1,424),(425,2,425),(426,1,426),(427,2,427),(428,1,428),(429,2,429),(430,1,430),(431,2,431),(432,1,432),(433,2,433),(434,1,434),(435,2,435),(436,1,436),(437,2,437),(438,1,438),(439,2,439),(440,1,440),(441,2,441),(442,1,442),(443,2,443),(444,1,444),(445,2,445),(446,1,446),(447,2,447),(448,1,448),(449,2,449),(450,1,450),(451,2,451),(452,1,452),(453,2,453),(454,1,454),(455,2,455),(456,1,456),(457,2,457),(458,1,458),(459,2,459),(460,1,460),(461,2,461),(462,1,462),(463,2,463),(464,1,464),(465,2,465),(466,1,466),(467,2,467),(468,1,468),(469,2,469),(470,1,470),(471,2,471),(472,1,472),(473,2,473),(474,1,474),(475,2,475),(476,1,476),(477,2,477),(478,1,478),(479,2,479),(480,1,480),(481,2,481),(482,1,482),(483,2,483),(484,1,484),(485,2,485),(486,1,486),(487,2,487),(488,1,488),(489,2,489),(490,1,490),(491,2,491),(492,1,492),(493,2,493),(494,1,494),(495,2,495),(496,1,496),(497,2,497),(498,1,498),(499,2,499),(500,1,500),(501,2,501),(502,1,502),(503,2,503),(504,1,504),(505,2,505),(506,1,506),(507,2,507),(508,1,508),(509,2,509),(510,1,510),(511,2,511),(512,1,512),(513,2,513),(514,1,514),(515,2,515),(516,1,516),(517,2,517),(518,1,518),(519,2,519),(520,1,520),(521,2,521),(522,1,522),(523,2,523),(524,1,524),(525,2,525),(526,1,526),(527,2,527),(528,1,528),(529,2,529),(530,1,530),(531,2,531),(532,1,532),(533,2,533),(534,1,534),(535,2,535),(536,1,536),(537,2,537),(538,1,538),(539,2,539),(540,1,540),(541,2,541),(542,1,542),(543,2,543),(544,1,544),(545,2,545),(546,1,546),(547,2,547),(548,1,548),(549,2,549),(550,1,550),(551,2,551),(552,1,552),(553,2,553),(554,1,554),(555,2,555),(556,1,556),(557,2,557),(558,1,558),(559,2,559),(560,1,560),(561,2,561),(562,1,562),(563,2,563),(564,1,564),(565,2,565),(566,1,566),(567,2,567),(568,1,568),(569,2,569),(570,1,570),(571,2,571),(572,1,572),(573,2,573),(574,1,574),(575,2,575),(576,1,576),(577,2,577),(578,1,578),(579,2,579),(580,1,580),(581,2,581),(582,1,582),(583,2,583),(584,1,584),(585,2,585),(586,1,586),(587,2,587),(588,1,588),(589,2,589),(590,1,590),(591,2,591),(592,1,592),(593,2,593),(594,1,594),(595,2,595),(596,1,596),(597,2,597),(598,1,598),(599,2,599),(600,1,600),(601,2,601),(602,1,602),(603,2,603),(604,1,604),(605,2,605),(606,1,606),(607,2,607),(608,1,608),(609,2,609),(610,1,610),(611,2,611),(612,1,612),(613,2,613),(614,1,614),(615,2,615),(616,1,616),(617,2,617),(618,1,618),(619,2,619),(620,1,620),(621,2,621),(622,1,622),(623,2,623),(624,1,624),(625,2,625),(626,1,626),(627,2,627),(628,1,628),(629,2,629),(630,1,630),(631,2,631),(632,1,632),(633,2,633),(634,1,634),(635,2,635),(636,1,636),(637,2,637),(638,1,638),(639,2,639),(640,1,640),(641,2,641),(642,1,642),(643,2,643),(644,1,644),(645,2,645),(646,1,646),(647,2,647),(648,1,648),(649,2,649),(650,1,650),(651,2,651),(652,1,652),(653,2,653),(654,1,654),(655,2,655),(656,1,656),(657,2,657),(658,1,658),(659,2,659),(660,1,660),(661,2,661),(662,1,662),(663,2,663),(664,1,664),(665,2,665),(666,1,666),(667,2,667),(668,1,668),(669,2,669),(670,1,670),(671,2,671),(672,1,672),(673,2,673),(674,1,674),(675,2,675),(676,1,676),(677,2,677),(678,1,678),(679,2,679),(680,1,680),(681,2,681),(682,1,682),(683,2,683),(684,1,684),(685,2,685),(686,1,686),(687,2,687),(688,1,688),(689,2,689),(690,1,690),(691,2,691),(692,1,692),(693,2,693),(694,1,694),(695,2,695),(696,1,696),(697,2,697),(698,1,698),(699,2,699),(700,1,700),(701,2,701),(702,1,702),(703,2,703),(704,1,704),(705,2,705),(706,1,706),(707,2,707),(708,1,708),(709,2,709),(710,1,710),(711,2,711),(712,1,712),(713,2,713),(714,1,714),(715,2,715),(716,1,716),(717,2,717),(718,1,718),(719,2,719),(720,1,720),(721,2,721),(722,1,722),(723,2,723),(724,1,724),(725,2,725),(726,1,726),(727,2,727),(728,1,728),(729,2,729),(730,1,730),(731,2,731),(732,1,732),(733,2,733),(734,1,734),(735,2,735),(736,1,736),(737,2,737),(738,1,738),(739,2,739),(740,1,740),(741,2,741),(742,1,742),(743,2,743),(744,1,744),(745,2,745),(746,1,746),(747,2,747),(748,1,748),(749,2,749),(750,1,750),(751,2,751),(752,1,752),(753,2,753),(754,1,754),(755,2,755),(756,1,756),(757,2,757),(758,1,758),(759,2,759),(760,1,760),(761,2,761),(762,1,762),(763,2,763),(764,1,764),(765,2,765),(766,1,766),(767,2,767),(768,1,768),(769,2,769),(770,1,770),(771,2,771),(772,1,772),(773,2,773),(774,1,774),(775,2,775),(776,1,776),(777,2,777),(778,1,778),(779,2,779),(780,1,780),(781,2,781),(782,1,782),(783,2,783),(784,1,784),(785,2,785),(786,1,786),(787,2,787),(788,1,788),(789,2,789),(790,1,790),(791,2,791),(792,1,792),(793,2,793),(794,1,794),(795,2,795),(796,1,796),(797,2,797),(798,1,798),(799,2,799),(800,1,800),(801,2,801),(802,1,802),(803,2,803),(804,1,804),(805,2,805),(806,1,806),(807,2,807),(808,1,808),(809,2,809),(810,1,810),(811,2,811),(812,1,812),(813,2,813),(814,1,814),(815,2,815),(816,1,816),(817,2,817),(818,1,818),(819,2,819),(820,1,820),(821,2,821),(822,1,822),(823,2,823),(824,1,824),(825,2,825),(826,1,826),(827,2,827),(828,1,828),(829,2,829),(830,1,830),(831,2,831),(832,1,832),(833,2,833),(834,1,834),(835,2,835),(836,1,836),(837,2,837),(838,1,838),(839,2,839),(840,1,840),(841,2,841),(842,1,842),(843,2,843),(844,1,844),(845,2,845),(846,1,846),(847,2,847),(848,1,848),(849,2,849),(850,1,850),(851,2,851),(852,1,852),(853,2,853),(854,1,854),(855,2,855),(856,1,856),(857,2,857),(858,1,858),(859,2,859),(860,1,860),(861,2,861),(862,1,862),(863,2,863),(864,1,864),(865,2,865),(866,1,866),(867,2,867),(868,1,868),(869,2,869),(870,1,870),(871,2,871),(872,1,872),(873,2,873),(874,1,874),(875,2,875),(876,1,876),(877,2,877),(878,1,878),(879,2,879),(880,1,880),(881,2,881),(882,1,882),(883,2,883),(884,1,884),(885,2,885),(886,1,886),(887,2,887),(888,1,888),(889,2,889),(890,1,890),(891,2,891),(892,1,892),(893,2,893),(894,1,894),(895,2,895),(896,1,896),(897,2,897),(898,1,898),(899,2,899),(900,1,900),(901,2,901),(902,1,902),(903,2,903),(904,1,904),(905,2,905),(906,1,906),(907,2,907),(908,1,908),(909,2,909),(910,1,910),(911,2,911),(912,1,912),(913,2,913),(914,1,914),(915,2,915),(916,1,916),(917,2,917),(918,1,918),(919,2,919),(920,1,920),(921,2,921),(922,1,922),(923,2,923),(924,1,924),(925,2,925),(926,1,926),(927,2,927),(928,1,928),(929,2,929),(930,1,930),(931,2,931),(932,1,932),(933,2,933),(934,1,934),(935,2,935),(936,1,936),(937,2,937),(938,1,938),(939,2,939),(940,1,940),(941,2,941),(942,1,942),(943,2,943),(944,1,944),(945,2,945),(946,1,946),(947,2,947),(948,1,948),(949,2,949),(950,1,950),(951,2,951),(952,1,952),(953,2,953),(954,1,954),(955,2,955),(956,1,956),(957,2,957),(958,1,958),(959,2,959),(960,1,960),(961,2,961),(962,1,962),(963,2,963),(964,1,964),(965,2,965),(966,1,966),(967,2,967),(968,1,968),(969,2,969),(970,1,970),(971,2,971),(972,1,972),(973,2,973),(974,1,974),(975,2,975),(976,1,976),(977,2,977),(978,1,978),(979,2,979),(980,1,980),(981,2,981),(982,1,982),(983,2,983),(984,1,984),(985,2,985),(986,1,986),(987,2,987),(988,1,988),(989,2,989),(990,1,990),(991,2,991),(992,1,992),(993,2,993),(994,1,994),(995,2,995),(996,1,996),(997,2,997),(998,1,998),(999,2,999);
/*!40000 ALTER TABLE `articles_tags` ENABLE KEYS */;
UNLOCK TABLES;

--
-- Table structure for table `categories`
--

DROP TABLE IF EXISTS `categories`;
/*!40101 SET @saved_cs_client     = @@character_set_client */;
/*!40101 SET character_set_client = utf8 */;
CREATE TABLE `categories` (
  `category_id` int(10) unsigned NOT NULL AUTO_INCREMENT,
  `category_name` varchar(255) NOT NULL,
  PRIMARY KEY (`category_id`)
) ENGINE=InnoDB AUTO_INCREMENT=11 DEFAULT CHARSET=utf8;
/*!40101 SET character_set_client = @saved_cs_client */;

--
-- Dumping data for table `categories`
--

LOCK TABLES `categories` WRITE;
/*!40000 ALTER TABLE `categories` DISABLE KEYS */;
INSERT INTO `categories` VALUES (1,'Thể thao'),(2,'Du lịch'),(3,'Kinh doanh'),(4,'Pháp luật'),(5,'Kinh tế'),(6,'Chính trị'),(7,'Xã hội'),(8,'Khoa học'),(9,'Hài'),(10,'Sức khoẻ');
/*!40000 ALTER TABLE `categories` ENABLE KEYS */;
UNLOCK TABLES;

--
-- Table structure for table `comments`
--

DROP TABLE IF EXISTS `comments`;
/*!40101 SET @saved_cs_client     = @@character_set_client */;
/*!40101 SET character_set_client = utf8 */;
CREATE TABLE `comments` (
  `comment_id` int(10) unsigned NOT NULL AUTO_INCREMENT,
  `article_id` int(10) unsigned NOT NULL,
  `time` datetime NOT NULL,
  `subscriber_id` int(10) unsigned NOT NULL,
  `comment_content` varchar(2048) NOT NULL,
  PRIMARY KEY (`comment_id`),
  KEY `fk_article_id_3` (`article_id`),
  KEY `fk_subscriber_id` (`subscriber_id`),
  CONSTRAINT `fk_article_id_3` FOREIGN KEY (`article_id`) REFERENCES `articles` (`article_id`) ON DELETE CASCADE ON UPDATE CASCADE,
  CONSTRAINT `fk_subscriber_id` FOREIGN KEY (`subscriber_id`) REFERENCES `users` (`id`) ON DELETE CASCADE ON UPDATE CASCADE
) ENGINE=InnoDB AUTO_INCREMENT=8 DEFAULT CHARSET=utf8;
/*!40101 SET character_set_client = @saved_cs_client */;

--
-- Dumping data for table `comments`
--

LOCK TABLES `comments` WRITE;
/*!40000 ALTER TABLE `comments` DISABLE KEYS */;
INSERT INTO `comments` VALUES (1,15,'2021-07-01 10:43:25',6,'Comment so 1'),(2,15,'2021-08-26 10:44:00',4,'Comment so 2'),(3,15,'2021-07-01 10:44:25',4,'Comment so 3'),(4,15,'2021-07-05 11:27:28',4,'asdasdasd'),(5,15,'2021-07-05 11:27:35',4,'asdasdasdasd'),(6,311,'2021-07-06 01:47:43',4,'sadasd'),(7,311,'2021-07-06 01:47:53',4,'con cac');
/*!40000 ALTER TABLE `comments` ENABLE KEYS */;
UNLOCK TABLES;

--
-- Table structure for table `declined_articles`
--

DROP TABLE IF EXISTS `declined_articles`;
/*!40101 SET @saved_cs_client     = @@character_set_client */;
/*!40101 SET character_set_client = utf8 */;
CREATE TABLE `declined_articles` (
  `declined_id` int(10) unsigned NOT NULL AUTO_INCREMENT,
  `article_id` int(10) unsigned NOT NULL,
  `editor_id` int(10) unsigned NOT NULL,
  `decline_reason` varchar(4096) NOT NULL,
  `decline_time` datetime DEFAULT NULL,
  PRIMARY KEY (`declined_id`),
  KEY `fk_article_id_4` (`article_id`),
  KEY `fk_editor_id_2` (`editor_id`),
  CONSTRAINT `fk_article_id_4` FOREIGN KEY (`article_id`) REFERENCES `articles` (`article_id`) ON DELETE CASCADE ON UPDATE CASCADE,
  CONSTRAINT `fk_editor_id_2` FOREIGN KEY (`editor_id`) REFERENCES `users` (`id`) ON DELETE CASCADE ON UPDATE CASCADE
) ENGINE=InnoDB AUTO_INCREMENT=389 DEFAULT CHARSET=utf8;
/*!40101 SET character_set_client = @saved_cs_client */;

--
-- Dumping data for table `declined_articles`
--

LOCK TABLES `declined_articles` WRITE;
/*!40000 ALTER TABLE `declined_articles` DISABLE KEYS */;
INSERT INTO `declined_articles` VALUES (7,2,2,'Từ chối','2021-07-17 18:49:38'),(8,6,2,'Từ chối','2021-07-17 18:49:38'),(9,18,2,'Từ chối','2021-07-17 18:49:38'),(10,30,2,'Từ chối','2021-07-17 18:49:38'),(11,34,2,'Từ chối','2021-07-17 18:49:38'),(12,46,2,'Từ chối','2021-07-17 18:49:38'),(13,50,2,'Từ chối','2021-07-17 18:49:38'),(14,62,2,'Từ chối','2021-07-17 18:49:38'),(15,66,2,'Từ chối','2021-07-17 18:49:38'),(16,78,2,'Từ chối','2021-07-17 18:49:38'),(17,90,2,'Từ chối','2021-07-17 18:49:38'),(18,94,2,'Từ chối','2021-07-17 18:49:38'),(19,106,2,'Từ chối','2021-07-17 18:49:38'),(20,110,2,'Từ chối','2021-07-17 18:49:38'),(21,122,2,'Từ chối','2021-07-17 18:49:38'),(22,126,2,'Từ chối','2021-07-17 18:49:38'),(23,138,2,'Từ chối','2021-07-17 18:49:38'),(24,150,2,'Từ chối','2021-07-17 18:49:38'),(25,154,2,'Từ chối','2021-07-17 18:49:38'),(26,166,2,'Từ chối','2021-07-17 18:49:38'),(27,170,2,'Từ chối','2021-07-17 18:49:38'),(28,182,2,'Từ chối','2021-07-17 18:49:38'),(29,186,2,'Từ chối','2021-07-17 18:49:38'),(30,198,2,'Từ chối','2021-07-17 18:49:38'),(31,210,2,'Từ chối','2021-07-17 18:49:38'),(32,214,2,'Từ chối','2021-07-17 18:49:38'),(33,226,2,'Từ chối','2021-07-17 18:49:38'),(34,230,2,'Từ chối','2021-07-17 18:49:38'),(35,242,2,'Từ chối','2021-07-17 18:49:38'),(36,246,2,'Từ chối','2021-07-17 18:49:38'),(37,258,2,'Từ chối','2021-07-17 18:49:38'),(38,270,2,'Từ chối','2021-07-17 18:49:38'),(39,274,2,'Từ chối','2021-07-17 18:49:38'),(40,286,2,'Từ chối','2021-07-17 18:49:38'),(41,290,2,'Từ chối','2021-07-17 18:49:38'),(42,302,2,'Từ chối','2021-07-17 18:49:38'),(43,306,2,'Từ chối','2021-07-17 18:49:38'),(44,318,2,'Từ chối','2021-07-17 18:49:38'),(45,330,2,'Từ chối','2021-07-17 18:49:38'),(46,334,2,'Từ chối','2021-07-17 18:49:38'),(47,346,2,'Từ chối','2021-07-17 18:49:38'),(48,350,2,'Từ chối','2021-07-17 18:49:38'),(49,362,2,'Từ chối','2021-07-17 18:49:38'),(50,366,2,'Từ chối','2021-07-17 18:49:38'),(51,378,2,'Từ chối','2021-07-17 18:49:38'),(52,390,2,'Từ chối','2021-07-17 18:49:38'),(53,394,2,'Từ chối','2021-07-17 18:49:38'),(54,406,2,'Từ chối','2021-07-17 18:49:38'),(55,410,2,'Từ chối','2021-07-17 18:49:38'),(56,422,2,'Từ chối','2021-07-17 18:49:38'),(57,426,2,'Từ chối','2021-07-17 18:49:38'),(58,438,2,'Từ chối','2021-07-17 18:49:38'),(59,450,2,'Từ chối','2021-07-17 18:49:38'),(60,454,2,'Từ chối','2021-07-17 18:49:38'),(61,466,2,'Từ chối','2021-07-17 18:49:38'),(62,470,2,'Từ chối','2021-07-17 18:49:38'),(63,482,2,'Từ chối','2021-07-17 18:49:38'),(64,486,2,'Từ chối','2021-07-17 18:49:38'),(65,498,2,'Từ chối','2021-07-17 18:49:38'),(66,510,2,'Từ chối','2021-07-17 18:49:38'),(67,514,2,'Từ chối','2021-07-17 18:49:38'),(68,526,2,'Từ chối','2021-07-17 18:49:38'),(69,530,2,'Từ chối','2021-07-17 18:49:38'),(70,542,2,'Từ chối','2021-07-17 18:49:38'),(71,546,2,'Từ chối','2021-07-17 18:49:38'),(72,558,2,'Từ chối','2021-07-17 18:49:38'),(73,570,2,'Từ chối','2021-07-17 18:49:38'),(74,574,2,'Từ chối','2021-07-17 18:49:38'),(75,586,2,'Từ chối','2021-07-17 18:49:38'),(76,590,2,'Từ chối','2021-07-17 18:49:38'),(77,602,2,'Từ chối','2021-07-17 18:49:38'),(78,606,2,'Từ chối','2021-07-17 18:49:38'),(79,618,2,'Từ chối','2021-07-17 18:49:38'),(80,630,2,'Từ chối','2021-07-17 18:49:38'),(81,634,2,'Từ chối','2021-07-17 18:49:38'),(82,646,2,'Từ chối','2021-07-17 18:49:38'),(83,650,2,'Từ chối','2021-07-17 18:49:38'),(84,662,2,'Từ chối','2021-07-17 18:49:38'),(85,666,2,'Từ chối','2021-07-17 18:49:38'),(86,678,2,'Từ chối','2021-07-17 18:49:38'),(87,690,2,'Từ chối','2021-07-17 18:49:38'),(88,694,2,'Từ chối','2021-07-17 18:49:38'),(89,706,2,'Từ chối','2021-07-17 18:49:38'),(90,710,2,'Từ chối','2021-07-17 18:49:38'),(91,722,2,'Từ chối','2021-07-17 18:49:38'),(92,726,2,'Từ chối','2021-07-17 18:49:38'),(93,738,2,'Từ chối','2021-07-17 18:49:38'),(94,750,2,'Từ chối','2021-07-17 18:49:38'),(95,754,2,'Từ chối','2021-07-17 18:49:38'),(96,766,2,'Từ chối','2021-07-17 18:49:38'),(97,770,2,'Từ chối','2021-07-17 18:49:38'),(98,782,2,'Từ chối','2021-07-17 18:49:38'),(99,786,2,'Từ chối','2021-07-17 18:49:38'),(100,798,2,'Từ chối','2021-07-17 18:49:38'),(101,810,2,'Từ chối','2021-07-17 18:49:38'),(102,814,2,'Từ chối','2021-07-17 18:49:38'),(103,826,2,'Từ chối','2021-07-17 18:49:38'),(104,830,2,'Từ chối','2021-07-17 18:49:38'),(105,842,2,'Từ chối','2021-07-17 18:49:38'),(106,846,2,'Từ chối','2021-07-17 18:49:38'),(107,858,2,'Từ chối','2021-07-17 18:49:38'),(108,870,2,'Từ chối','2021-07-17 18:49:38'),(109,874,2,'Từ chối','2021-07-17 18:49:38'),(110,886,2,'Từ chối','2021-07-17 18:49:38'),(111,890,2,'Từ chối','2021-07-17 18:49:38'),(112,902,2,'Từ chối','2021-07-17 18:49:38'),(113,906,2,'Từ chối','2021-07-17 18:49:38'),(114,918,2,'Từ chối','2021-07-17 18:49:38'),(115,930,2,'Từ chối','2021-07-17 18:49:38'),(116,934,2,'Từ chối','2021-07-17 18:49:38'),(117,946,2,'Từ chối','2021-07-17 18:49:38'),(118,950,2,'Từ chối','2021-07-17 18:49:38'),(119,962,2,'Từ chối','2021-07-17 18:49:38'),(120,966,2,'Từ chối','2021-07-17 18:49:38'),(121,978,2,'Từ chối','2021-07-17 18:49:38'),(122,990,2,'Từ chối','2021-07-17 18:49:38'),(123,994,2,'Từ chối','2021-07-17 18:49:38'),(134,10,7,'Từ chối','2021-07-17 18:50:36'),(135,14,7,'Từ chối','2021-07-17 18:50:36'),(136,22,7,'Từ chối','2021-07-17 18:50:36'),(137,26,7,'Từ chối','2021-07-17 18:50:36'),(138,38,7,'Từ chối','2021-07-17 18:50:36'),(139,42,7,'Từ chối','2021-07-17 18:50:36'),(140,54,7,'Từ chối','2021-07-17 18:50:36'),(141,58,7,'Từ chối','2021-07-17 18:50:36'),(142,70,7,'Từ chối','2021-07-17 18:50:36'),(143,74,7,'Từ chối','2021-07-17 18:50:36'),(144,82,7,'Từ chối','2021-07-17 18:50:36'),(145,86,7,'Từ chối','2021-07-17 18:50:36'),(146,98,7,'Từ chối','2021-07-17 18:50:36'),(147,102,7,'Từ chối','2021-07-17 18:50:36'),(148,114,7,'Từ chối','2021-07-17 18:50:36'),(149,118,7,'Từ chối','2021-07-17 18:50:36'),(150,130,7,'Từ chối','2021-07-17 18:50:36'),(151,134,7,'Từ chối','2021-07-17 18:50:36'),(152,142,7,'Từ chối','2021-07-17 18:50:36'),(153,146,7,'Từ chối','2021-07-17 18:50:36'),(154,158,7,'Từ chối','2021-07-17 18:50:36'),(155,162,7,'Từ chối','2021-07-17 18:50:36'),(156,174,7,'Từ chối','2021-07-17 18:50:36'),(157,178,7,'Từ chối','2021-07-17 18:50:36'),(158,190,7,'Từ chối','2021-07-17 18:50:36'),(159,194,7,'Từ chối','2021-07-17 18:50:36'),(160,202,7,'Từ chối','2021-07-17 18:50:36'),(161,206,7,'Từ chối','2021-07-17 18:50:36'),(162,218,7,'Từ chối','2021-07-17 18:50:36'),(163,222,7,'Từ chối','2021-07-17 18:50:36'),(164,234,7,'Từ chối','2021-07-17 18:50:36'),(165,238,7,'Từ chối','2021-07-17 18:50:36'),(166,250,7,'Từ chối','2021-07-17 18:50:36'),(167,254,7,'Từ chối','2021-07-17 18:50:36'),(168,262,7,'Từ chối','2021-07-17 18:50:36'),(169,266,7,'Từ chối','2021-07-17 18:50:36'),(170,278,7,'Từ chối','2021-07-17 18:50:36'),(171,282,7,'Từ chối','2021-07-17 18:50:36'),(172,294,7,'Từ chối','2021-07-17 18:50:36'),(173,298,7,'Từ chối','2021-07-17 18:50:36'),(174,310,7,'Từ chối','2021-07-17 18:50:36'),(175,314,7,'Từ chối','2021-07-17 18:50:36'),(176,322,7,'Từ chối','2021-07-17 18:50:36'),(177,326,7,'Từ chối','2021-07-17 18:50:36'),(178,338,7,'Từ chối','2021-07-17 18:50:36'),(179,342,7,'Từ chối','2021-07-17 18:50:36'),(180,354,7,'Từ chối','2021-07-17 18:50:36'),(181,358,7,'Từ chối','2021-07-17 18:50:36'),(182,370,7,'Từ chối','2021-07-17 18:50:36'),(183,374,7,'Từ chối','2021-07-17 18:50:36'),(184,382,7,'Từ chối','2021-07-17 18:50:36'),(185,386,7,'Từ chối','2021-07-17 18:50:36'),(186,398,7,'Từ chối','2021-07-17 18:50:36'),(187,402,7,'Từ chối','2021-07-17 18:50:36'),(188,414,7,'Từ chối','2021-07-17 18:50:36'),(189,418,7,'Từ chối','2021-07-17 18:50:36'),(190,430,7,'Từ chối','2021-07-17 18:50:36'),(191,434,7,'Từ chối','2021-07-17 18:50:36'),(192,442,7,'Từ chối','2021-07-17 18:50:36'),(193,446,7,'Từ chối','2021-07-17 18:50:36'),(194,458,7,'Từ chối','2021-07-17 18:50:36'),(195,462,7,'Từ chối','2021-07-17 18:50:36'),(196,474,7,'Từ chối','2021-07-17 18:50:36'),(197,478,7,'Từ chối','2021-07-17 18:50:36'),(198,490,7,'Từ chối','2021-07-17 18:50:36'),(199,494,7,'Từ chối','2021-07-17 18:50:36'),(200,502,7,'Từ chối','2021-07-17 18:50:36'),(201,506,7,'Từ chối','2021-07-17 18:50:36'),(202,518,7,'Từ chối','2021-07-17 18:50:36'),(203,522,7,'Từ chối','2021-07-17 18:50:36'),(204,534,7,'Từ chối','2021-07-17 18:50:36'),(205,538,7,'Từ chối','2021-07-17 18:50:36'),(206,550,7,'Từ chối','2021-07-17 18:50:36'),(207,554,7,'Từ chối','2021-07-17 18:50:36'),(208,562,7,'Từ chối','2021-07-17 18:50:36'),(209,566,7,'Từ chối','2021-07-17 18:50:36'),(210,578,7,'Từ chối','2021-07-17 18:50:36'),(211,582,7,'Từ chối','2021-07-17 18:50:36'),(212,594,7,'Từ chối','2021-07-17 18:50:36'),(213,598,7,'Từ chối','2021-07-17 18:50:36'),(214,610,7,'Từ chối','2021-07-17 18:50:36'),(215,614,7,'Từ chối','2021-07-17 18:50:36'),(216,622,7,'Từ chối','2021-07-17 18:50:36'),(217,626,7,'Từ chối','2021-07-17 18:50:36'),(218,638,7,'Từ chối','2021-07-17 18:50:36'),(219,642,7,'Từ chối','2021-07-17 18:50:36'),(220,654,7,'Từ chối','2021-07-17 18:50:36'),(221,658,7,'Từ chối','2021-07-17 18:50:36'),(222,670,7,'Từ chối','2021-07-17 18:50:36'),(223,674,7,'Từ chối','2021-07-17 18:50:36'),(224,682,7,'Từ chối','2021-07-17 18:50:36'),(225,686,7,'Từ chối','2021-07-17 18:50:36'),(226,698,7,'Từ chối','2021-07-17 18:50:36'),(227,702,7,'Từ chối','2021-07-17 18:50:36'),(228,714,7,'Từ chối','2021-07-17 18:50:36'),(229,718,7,'Từ chối','2021-07-17 18:50:36'),(230,730,7,'Từ chối','2021-07-17 18:50:36'),(231,734,7,'Từ chối','2021-07-17 18:50:36'),(232,742,7,'Từ chối','2021-07-17 18:50:36'),(233,746,7,'Từ chối','2021-07-17 18:50:36'),(234,758,7,'Từ chối','2021-07-17 18:50:36'),(235,762,7,'Từ chối','2021-07-17 18:50:36'),(236,774,7,'Từ chối','2021-07-17 18:50:36'),(237,778,7,'Từ chối','2021-07-17 18:50:36'),(238,790,7,'Từ chối','2021-07-17 18:50:36'),(239,794,7,'Từ chối','2021-07-17 18:50:36'),(240,802,7,'Từ chối','2021-07-17 18:50:36'),(241,806,7,'Từ chối','2021-07-17 18:50:36'),(242,818,7,'Từ chối','2021-07-17 18:50:36'),(243,822,7,'Từ chối','2021-07-17 18:50:36'),(244,834,7,'Từ chối','2021-07-17 18:50:36'),(245,838,7,'Từ chối','2021-07-17 18:50:36'),(246,850,7,'Từ chối','2021-07-17 18:50:36'),(247,854,7,'Từ chối','2021-07-17 18:50:36'),(248,862,7,'Từ chối','2021-07-17 18:50:36'),(249,866,7,'Từ chối','2021-07-17 18:50:36'),(250,878,7,'Từ chối','2021-07-17 18:50:36'),(251,882,7,'Từ chối','2021-07-17 18:50:36'),(252,894,7,'Từ chối','2021-07-17 18:50:36'),(253,898,7,'Từ chối','2021-07-17 18:50:36'),(254,910,7,'Từ chối','2021-07-17 18:50:36'),(255,914,7,'Từ chối','2021-07-17 18:50:36'),(256,922,7,'Từ chối','2021-07-17 18:50:36'),(257,926,7,'Từ chối','2021-07-17 18:50:36'),(258,938,7,'Từ chối','2021-07-17 18:50:36'),(259,942,7,'Từ chối','2021-07-17 18:50:36'),(260,954,7,'Từ chối','2021-07-17 18:50:36'),(261,958,7,'Từ chối','2021-07-17 18:50:36'),(262,970,7,'Từ chối','2021-07-17 18:50:36'),(263,974,7,'Từ chối','2021-07-17 18:50:36'),(264,982,7,'Từ chối','2021-07-17 18:50:36'),(265,986,7,'Từ chối','2021-07-17 18:50:36'),(266,998,7,'Từ chối','2021-07-17 18:50:36');
/*!40000 ALTER TABLE `declined_articles` ENABLE KEYS */;
UNLOCK TABLES;

--
-- Table structure for table `editor_categories`
--

DROP TABLE IF EXISTS `editor_categories`;
/*!40101 SET @saved_cs_client     = @@character_set_client */;
/*!40101 SET character_set_client = utf8 */;
CREATE TABLE `editor_categories` (
  `id` int(10) unsigned NOT NULL AUTO_INCREMENT,
  `editor_id` int(10) unsigned NOT NULL,
  `category_id` int(10) unsigned NOT NULL,
  PRIMARY KEY (`id`),
  KEY `fk_editor_id` (`editor_id`),
  KEY `fk_category_id` (`category_id`),
  CONSTRAINT `fk_category_id` FOREIGN KEY (`category_id`) REFERENCES `categories` (`category_id`) ON DELETE CASCADE ON UPDATE CASCADE,
  CONSTRAINT `fk_editor_id` FOREIGN KEY (`editor_id`) REFERENCES `users` (`id`) ON DELETE CASCADE ON UPDATE CASCADE
) ENGINE=InnoDB AUTO_INCREMENT=12 DEFAULT CHARSET=utf8;
/*!40101 SET character_set_client = @saved_cs_client */;

--
-- Dumping data for table `editor_categories`
--

LOCK TABLES `editor_categories` WRITE;
/*!40000 ALTER TABLE `editor_categories` DISABLE KEYS */;
INSERT INTO `editor_categories` VALUES (1,2,1),(2,2,2),(3,2,3),(4,2,4),(5,2,5),(6,2,6),(7,2,7),(8,7,3),(9,7,8),(10,7,9),(11,7,10);
/*!40000 ALTER TABLE `editor_categories` ENABLE KEYS */;
UNLOCK TABLES;

--
-- Table structure for table `states`
--

DROP TABLE IF EXISTS `states`;
/*!40101 SET @saved_cs_client     = @@character_set_client */;
/*!40101 SET character_set_client = utf8 */;
CREATE TABLE `states` (
  `state_id` int(10) unsigned NOT NULL,
  `state_name` varchar(128) DEFAULT NULL,
  PRIMARY KEY (`state_id`)
) ENGINE=InnoDB DEFAULT CHARSET=utf8;
/*!40101 SET character_set_client = @saved_cs_client */;

--
-- Dumping data for table `states`
--

LOCK TABLES `states` WRITE;
/*!40000 ALTER TABLE `states` DISABLE KEYS */;
INSERT INTO `states` VALUES (1,'Đã duyệt - Chờ xuất bản'),(2,'Đã xuất bản'),(3,'Bị từ chối'),(4,'Chưa được duyệt');
/*!40000 ALTER TABLE `states` ENABLE KEYS */;
UNLOCK TABLES;

--
-- Table structure for table `sub_timer`
--

DROP TABLE IF EXISTS `sub_timer`;
/*!40101 SET @saved_cs_client     = @@character_set_client */;
/*!40101 SET character_set_client = utf8 */;
CREATE TABLE `sub_timer` (
  `subscriber_id` int(10) unsigned NOT NULL,
  `id` int(10) unsigned NOT NULL AUTO_INCREMENT,
  `start_time` datetime NOT NULL,
  PRIMARY KEY (`id`),
  KEY `fk_subsciber_id` (`subscriber_id`),
  CONSTRAINT `fk_subsciber_id` FOREIGN KEY (`subscriber_id`) REFERENCES `users` (`id`) ON DELETE CASCADE ON UPDATE CASCADE
) ENGINE=InnoDB AUTO_INCREMENT=3 DEFAULT CHARSET=utf8;
/*!40101 SET character_set_client = @saved_cs_client */;

--
-- Dumping data for table `sub_timer`
--

LOCK TABLES `sub_timer` WRITE;
/*!40000 ALTER TABLE `sub_timer` DISABLE KEYS */;
INSERT INTO `sub_timer` VALUES (4,1,'2021-06-09 14:19:34'),(4,2,'2021-06-23 14:19:39');
/*!40000 ALTER TABLE `sub_timer` ENABLE KEYS */;
UNLOCK TABLES;

--
-- Table structure for table `subcategories`
--

DROP TABLE IF EXISTS `subcategories`;
/*!40101 SET @saved_cs_client     = @@character_set_client */;
/*!40101 SET character_set_client = utf8 */;
CREATE TABLE `subcategories` (
  `subcategory_id` int(10) unsigned NOT NULL AUTO_INCREMENT,
  `subcategory_name` varchar(255) NOT NULL,
  `category_id` int(10) unsigned NOT NULL,
  PRIMARY KEY (`subcategory_id`),
  KEY `fk_category_id_3` (`category_id`),
  CONSTRAINT `fk_category_id_3` FOREIGN KEY (`category_id`) REFERENCES `categories` (`category_id`) ON DELETE CASCADE ON UPDATE CASCADE
) ENGINE=InnoDB AUTO_INCREMENT=16 DEFAULT CHARSET=utf8;
/*!40101 SET character_set_client = @saved_cs_client */;

--
-- Dumping data for table `subcategories`
--

LOCK TABLES `subcategories` WRITE;
/*!40000 ALTER TABLE `subcategories` DISABLE KEYS */;
INSERT INTO `subcategories` VALUES (1,'Nông sản',3),(2,'Hải sản',3),(3,'Đá bóng',1),(4,'Xung quanh',2),(5,'Thế giới',2),(6,'PL trong nước',4),(7,'PL ngoài nước',4),(8,'Bóng rổ',1),(9,'Kinh tế ngoài nước',5),(10,'Kinh tế trong nước',5),(11,'Chính trị',6),(12,'Xã hội',7),(13,'Khoa học',8),(14,'Hài',9),(15,'Sức khoẻ',10);
/*!40000 ALTER TABLE `subcategories` ENABLE KEYS */;
UNLOCK TABLES;

--
-- Table structure for table `tags`
--

DROP TABLE IF EXISTS `tags`;
/*!40101 SET @saved_cs_client     = @@character_set_client */;
/*!40101 SET character_set_client = utf8 */;
CREATE TABLE `tags` (
  `tag_id` int(10) unsigned NOT NULL AUTO_INCREMENT,
  `tag_name` varchar(255) NOT NULL,
  PRIMARY KEY (`tag_id`)
) ENGINE=InnoDB AUTO_INCREMENT=3 DEFAULT CHARSET=utf8;
/*!40101 SET character_set_client = @saved_cs_client */;

--
-- Dumping data for table `tags`
--

LOCK TABLES `tags` WRITE;
/*!40000 ALTER TABLE `tags` DISABLE KEYS */;
INSERT INTO `tags` VALUES (1,'Noi dung tag_name_1'),(2,'Noi dung tag_name_2');
/*!40000 ALTER TABLE `tags` ENABLE KEYS */;
UNLOCK TABLES;

--
-- Table structure for table `user_roles`
--

DROP TABLE IF EXISTS `user_roles`;
/*!40101 SET @saved_cs_client     = @@character_set_client */;
/*!40101 SET character_set_client = utf8 */;
CREATE TABLE `user_roles` (
  `rold_id` int(10) unsigned NOT NULL,
  `role_name` varchar(64) NOT NULL,
  PRIMARY KEY (`rold_id`)
) ENGINE=InnoDB DEFAULT CHARSET=utf8;
/*!40101 SET character_set_client = @saved_cs_client */;

--
-- Dumping data for table `user_roles`
--

LOCK TABLES `user_roles` WRITE;
/*!40000 ALTER TABLE `user_roles` DISABLE KEYS */;
INSERT INTO `user_roles` VALUES (2,'Subscriber'),(3,'Writer'),(4,'Editor'),(5,'Admin');
/*!40000 ALTER TABLE `user_roles` ENABLE KEYS */;
UNLOCK TABLES;

--
-- Table structure for table `users`
--

DROP TABLE IF EXISTS `users`;
/*!40101 SET @saved_cs_client     = @@character_set_client */;
/*!40101 SET character_set_client = utf8 */;
CREATE TABLE `users` (
  `id` int(10) unsigned NOT NULL AUTO_INCREMENT,
  `full_name` varchar(255) NOT NULL,
  `role` int(10) unsigned NOT NULL COMMENT '2: Subber, 3: Writer, 4: Editor, 5: Admin',
  `pseudonym` varchar(255) DEFAULT NULL COMMENT 'But danh (neu role la 3)',
  `username` varchar(16) NOT NULL,
  `password` varchar(512) NOT NULL COMMENT 'Bcrypt password',
  `email` varchar(255) NOT NULL,
  `dob` date NOT NULL,
  PRIMARY KEY (`id`),
  KEY `fk_role` (`role`),
  CONSTRAINT `fk_role` FOREIGN KEY (`role`) REFERENCES `user_roles` (`rold_id`) ON DELETE CASCADE ON UPDATE CASCADE
) ENGINE=InnoDB AUTO_INCREMENT=8 DEFAULT CHARSET=utf8;
/*!40101 SET character_set_client = @saved_cs_client */;

--
-- Dumping data for table `users`
--

LOCK TABLES `users` WRITE;
/*!40000 ALTER TABLE `users` DISABLE KEYS */;
INSERT INTO `users` VALUES (1,'Nguyễn Quốc Trung Admin',5,NULL,'trung','','trung@gmail.com','2021-06-01'),(2,'Trần Quốc Thắng Editor',4,NULL,'thang','','thang@gmail.com','2021-06-08'),(3,'Trần Chí Hào Writer',3,'ButDanhCuaHao','hao','','hao@gmail.com','2021-06-09'),(4,'Người Subscriber',2,NULL,'UserNameOfSub','','sub@gmail.com','2021-06-08'),(5,'Một writer nào đó',3,'Bút danh nào đó','random_writer','','random@gmail.com','2015-06-26'),(6,'SubScriberrrrrrr',2,NULL,'SUBBBB','','subb@gmail.com','2021-07-28'),(7,'Editor Thứ Hai',4,NULL,'editorthuhai','','editorthuhai@gmail.com','2000-01-02');
/*!40000 ALTER TABLE `users` ENABLE KEYS */;
UNLOCK TABLES;
/*!40103 SET TIME_ZONE=@OLD_TIME_ZONE */;

/*!40101 SET SQL_MODE=@OLD_SQL_MODE */;
/*!40014 SET FOREIGN_KEY_CHECKS=@OLD_FOREIGN_KEY_CHECKS */;
/*!40014 SET UNIQUE_CHECKS=@OLD_UNIQUE_CHECKS */;
/*!40101 SET CHARACTER_SET_CLIENT=@OLD_CHARACTER_SET_CLIENT */;
/*!40101 SET CHARACTER_SET_RESULTS=@OLD_CHARACTER_SET_RESULTS */;
/*!40101 SET COLLATION_CONNECTION=@OLD_COLLATION_CONNECTION */;
/*!40111 SET SQL_NOTES=@OLD_SQL_NOTES */;

-- Dump completed on 2021-07-17 18:55:16
